TIME,GEO,Value
2005-Jan,European Union,-0.5
2005-Feb,European Union,0.3
2005-Mar,European Union,0.6
2005-Apr,European Union,0.4
2005-May,European Union,0.3
2005-Jun,European Union,0.1
2005-Jul,European Union,-0.1
2005-Aug,European Union,0.2
2005-Sep,European Union,0.4
2005-Oct,European Union,0.2
2005-Nov,European Union,-0.2
2005-Dec,European Union,0.3
2006-Jan,European Union,-0.4
2006-Feb,European Union,0.3
2006-Mar,European Union,0.5
2006-Apr,European Union,0.7
2006-May,European Union,0.3
2006-Jun,European Union,0.1
2006-Jul,European Union,-0.1
2006-Aug,European Union,0.2
2006-Sep,European Union,0
2006-Oct,European Union,0.1
2006-Nov,European Union,0.1
2006-Dec,European Union,0.4
2007-Jan,European Union,-0.4
2007-Feb,European Union,0.3
2007-Mar,European Union,0.6
2007-Apr,European Union,0.6
2007-May,European Union,0.3
2007-Jun,European Union,0.1
2007-Jul,European Union,-0.3
2007-Aug,European Union,0.1
2007-Sep,European Union,0.4
2007-Oct,European Union,0.5
2007-Nov,European Union,0.5
2007-Dec,European Union,0.4
2008-Jan,European Union,-0.2
2008-Feb,European Union,0.4
2008-Mar,European Union,0.8
2008-Apr,European Union,0.4
2008-May,European Union,0.6
2008-Jun,European Union,0.4
2008-Jul,European Union,-0.1
2008-Aug,European Union,0
2008-Sep,European Union,0.3
2008-Oct,European Union,0
2008-Nov,European Union,-0.4
2008-Dec,European Union,-0.2
2009-Jan,European Union,-0.6
2009-Feb,European Union,0.5
2009-Mar,European Union,0.3
2009-Apr,European Union,0.3
2009-May,European Union,0.2
2009-Jun,European Union,0.2
2009-Jul,European Union,-0.5
2009-Aug,European Union,0.3
2009-Sep,European Union,0
2009-Oct,European Union,0.2
2009-Nov,European Union,0.2
2009-Dec,European Union,0.3
2010-Jan,European Union,-0.5
2010-Feb,European Union,0.3
2010-Mar,European Union,0.9
2010-Apr,European Union,0.4
2010-May,European Union,0.2
2010-Jun,European Union,0
2010-Jul,European Union,-0.3
2010-Aug,European Union,0.2
2010-Sep,European Union,0.3
2010-Oct,European Union,0.3
2010-Nov,European Union,0.2
2010-Dec,European Union,0.6
2011-Jan,European Union,-0.4
2011-Feb,European Union,0.5
2011-Mar,European Union,1.1
2011-Apr,European Union,0.6
2011-May,European Union,0.1
2011-Jun,European Union,-0.1
2011-Jul,European Union,-0.4
2011-Aug,European Union,0.2
2011-Sep,European Union,0.6
2011-Oct,European Union,0.3
2011-Nov,European Union,0.2
2011-Dec,European Union,0.3
2012-Jan,European Union,-0.6
2012-Feb,European Union,0.5
2012-Mar,European Union,1
2012-Apr,European Union,0.5
2012-May,European Union,-0.1
2012-Jun,European Union,-0.1
2012-Jul,European Union,-0.4
2012-Aug,European Union,0.4
2012-Sep,European Union,0.6
2012-Oct,European Union,0.3
2012-Nov,European Union,-0.1
2012-Dec,European Union,0.3
2013-Jan,European Union,-0.8
2013-Feb,European Union,0.4
2013-Mar,European Union,0.9
2013-Apr,European Union,0
2013-May,European Union,0.1
2013-Jun,European Union,0
2013-Jul,European Union,-0.4
2013-Aug,European Union,0.1
2013-Sep,European Union,0.4
2013-Oct,European Union,-0.1
2013-Nov,European Union,-0.1
2013-Dec,European Union,0.3
2014-Jan,European Union,-0.9
2014-Feb,European Union,0.3
2014-Mar,European Union,0.7
2014-Apr,European Union,0.2
2014-May,European Union,-0.1
2014-Jun,European Union,0.1
2014-Jul,European Union,-0.5
2014-Aug,European Union,0.1
2014-Sep,European Union,0.3
2014-Oct,European Union,0
2014-Nov,European Union,-0.2
2014-Dec,European Union,-0.1
2005-Jan,Belgium,-1.3
2005-Feb,Belgium,2.2
2005-Mar,Belgium,0.6
2005-Apr,Belgium,0.2
2005-May,Belgium,0.2
2005-Jun,Belgium,0.3
2005-Jul,Belgium,-1
2005-Aug,Belgium,1.8
2005-Sep,Belgium,0
2005-Oct,Belgium,-0.2
2005-Nov,Belgium,-0.1
2005-Dec,Belgium,0.1
2006-Jan,Belgium,-1.3
2006-Feb,Belgium,2.3
2006-Mar,Belgium,-0.1
2006-Apr,Belgium,0.6
2006-May,Belgium,0.4
2006-Jun,Belgium,0.1
2006-Jul,Belgium,-1.1
2006-Aug,Belgium,1.7
2006-Sep,Belgium,-0.5
2006-Oct,Belgium,-0.3
2006-Nov,Belgium,0.2
2006-Dec,Belgium,0.1
2007-Jan,Belgium,-1.7
2007-Feb,Belgium,2.4
2007-Mar,Belgium,0
2007-Apr,Belgium,0.5
2007-May,Belgium,-0.1
2007-Jun,Belgium,0.1
2007-Jul,Belgium,-1.1
2007-Aug,Belgium,1.6
2007-Sep,Belgium,-0.2
2007-Oct,Belgium,0.5
2007-Nov,Belgium,0.9
2007-Dec,Belgium,0.4
2008-Jan,Belgium,-1.3
2008-Feb,Belgium,2.5
2008-Mar,Belgium,0.7
2008-Apr,Belgium,0.2
2008-May,Belgium,0.9
2008-Jun,Belgium,0.7
2008-Jul,Belgium,-0.9
2008-Aug,Belgium,1.1
2008-Sep,Belgium,-0.1
2008-Oct,Belgium,-0.2
2008-Nov,Belgium,-0.7
2008-Dec,Belgium,-0.1
2009-Jan,Belgium,-1.9
2009-Feb,Belgium,2.3
2009-Mar,Belgium,-0.6
2009-Apr,Belgium,0.3
2009-May,Belgium,-0.1
2009-Jun,Belgium,-0.1
2009-Jul,Belgium,-1.6
2009-Aug,Belgium,2.1
2009-Sep,Belgium,-0.4
2009-Oct,Belgium,0
2009-Nov,Belgium,0.2
2009-Dec,Belgium,0.2
2010-Jan,Belgium,-1.4
2010-Feb,Belgium,2.3
2010-Mar,Belgium,0.5
2010-Apr,Belgium,0.5
2010-May,Belgium,0.4
2010-Jun,Belgium,0
2010-Jul,Belgium,-1.8
2010-Aug,Belgium,2
2010-Sep,Belgium,0.1
2010-Oct,Belgium,0.1
2010-Nov,Belgium,0.1
2010-Dec,Belgium,0.6
2011-Jan,Belgium,-1.3
2011-Feb,Belgium,2.3
2011-Mar,Belgium,0.3
2011-Apr,Belgium,0.3
2011-May,Belgium,0.2
2011-Jun,Belgium,0.3
2011-Jul,Belgium,-1.1
2011-Aug,Belgium,1.5
2011-Sep,Belgium,-0.1
2011-Oct,Belgium,0.1
2011-Nov,Belgium,0.4
2011-Dec,Belgium,0.3
2012-Jan,Belgium,-1.2
2012-Feb,Belgium,2.4
2012-Mar,Belgium,0.1
2012-Apr,Belgium,0
2012-May,Belgium,-0.1
2012-Jun,Belgium,-0.1
2012-Jul,Belgium,-1.3
2012-Aug,Belgium,2.1
2012-Sep,Belgium,-0.1
2012-Oct,Belgium,0.2
2012-Nov,Belgium,-0.1
2012-Dec,Belgium,0.2
2013-Jan,Belgium,-1.8
2013-Feb,Belgium,2.4
2013-Mar,Belgium,0
2013-Apr,Belgium,-0.2
2013-May,Belgium,-0.1
2013-Jun,Belgium,0.3
2013-Jul,Belgium,-1.3
2013-Aug,Belgium,1.6
2013-Sep,Belgium,-0.2
2013-Oct,Belgium,-0.1
2013-Nov,Belgium,0.1
2013-Dec,Belgium,0.4
2014-Jan,Belgium,-1.9
2014-Feb,Belgium,2.2
2014-Mar,Belgium,0
2014-Apr,Belgium,-0.2
2014-May,Belgium,-0.1
2014-Jun,Belgium,0.1
2014-Jul,Belgium,-1.3
2014-Aug,Belgium,1.4
2014-Sep,Belgium,-0.4
2014-Oct,Belgium,0
2014-Nov,Belgium,-0.2
2014-Dec,Belgium,0
2005-Jan,Bulgaria,0.6
2005-Feb,Bulgaria,0.9
2005-Mar,Bulgaria,0.5
2005-Apr,Bulgaria,1.2
2005-May,Bulgaria,-0.2
2005-Jun,Bulgaria,-0.4
2005-Jul,Bulgaria,0.8
2005-Aug,Bulgaria,0.7
2005-Sep,Bulgaria,1.2
2005-Oct,Bulgaria,0.8
2005-Nov,Bulgaria,0.4
2005-Dec,Bulgaria,0.7
2006-Jan,Bulgaria,0.8
2006-Feb,Bulgaria,2.6
2006-Mar,Bulgaria,0.2
2006-Apr,Bulgaria,0.6
2006-May,Bulgaria,0.2
2006-Jun,Bulgaria,-1
2006-Jul,Bulgaria,0.2
2006-Aug,Bulgaria,0
2006-Sep,Bulgaria,-0.4
2006-Oct,Bulgaria,0.7
2006-Nov,Bulgaria,1.1
2006-Dec,Bulgaria,0.9
2007-Jan,Bulgaria,1.5
2007-Feb,Bulgaria,0.5
2007-Mar,Bulgaria,0
2007-Apr,Bulgaria,0.6
2007-May,Bulgaria,0.3
2007-Jun,Bulgaria,-0.2
2007-Jul,Bulgaria,1.7
2007-Aug,Bulgaria,2.2
2007-Sep,Bulgaria,1.2
2007-Oct,Bulgaria,0.3
2007-Nov,Bulgaria,1.8
2007-Dec,Bulgaria,1.1
2008-Jan,Bulgaria,1.5
2008-Feb,Bulgaria,1
2008-Mar,Bulgaria,0.9
2008-Apr,Bulgaria,0.7
2008-May,Bulgaria,0.9
2008-Jun,Bulgaria,0.5
2008-Jul,Bulgaria,1.4
2008-Aug,Bulgaria,-0.1
2008-Sep,Bulgaria,0.9
2008-Oct,Bulgaria,0.1
2008-Nov,Bulgaria,-0.4
2008-Dec,Bulgaria,-0.4
2009-Jan,Bulgaria,0.4
2009-Feb,Bulgaria,0.4
2009-Mar,Bulgaria,-0.3
2009-Apr,Bulgaria,0.5
2009-May,Bulgaria,0
2009-Jun,Bulgaria,0.1
2009-Jul,Bulgaria,-0.1
2009-Aug,Bulgaria,0.1
2009-Sep,Bulgaria,-0.2
2009-Oct,Bulgaria,0.2
2009-Nov,Bulgaria,0.2
2009-Dec,Bulgaria,0.3
2010-Jan,Bulgaria,0.6
2010-Feb,Bulgaria,0.3
2010-Mar,Bulgaria,0.4
2010-Apr,Bulgaria,1.2
2010-May,Bulgaria,0
2010-Jun,Bulgaria,-0.4
2010-Jul,Bulgaria,0.5
2010-Aug,Bulgaria,0.2
2010-Sep,Bulgaria,0.2
2010-Oct,Bulgaria,0.2
2010-Nov,Bulgaria,0.5
2010-Dec,Bulgaria,0.8
2011-Jan,Bulgaria,0.5
2011-Feb,Bulgaria,0.6
2011-Mar,Bulgaria,0.4
2011-Apr,Bulgaria,-0.1
2011-May,Bulgaria,0.1
2011-Jun,Bulgaria,-0.3
2011-Jul,Bulgaria,0.4
2011-Aug,Bulgaria,-0.1
2011-Sep,Bulgaria,0
2011-Oct,Bulgaria,0.3
2011-Nov,Bulgaria,0.1
2011-Dec,Bulgaria,0.3
2012-Jan,Bulgaria,0.4
2012-Feb,Bulgaria,0.6
2012-Mar,Bulgaria,0.1
2012-Apr,Bulgaria,0.2
2012-May,Bulgaria,-0.1
2012-Jun,Bulgaria,-0.5
2012-Jul,Bulgaria,1.1
2012-Aug,Bulgaria,0.6
2012-Sep,Bulgaria,0.3
2012-Oct,Bulgaria,-0.1
2012-Nov,Bulgaria,-0.2
2012-Dec,Bulgaria,0.3
2013-Jan,Bulgaria,0.2
2013-Feb,Bulgaria,0.2
2013-Mar,Bulgaria,-0.4
2013-Apr,Bulgaria,-0.4
2013-May,Bulgaria,0
2013-Jun,Bulgaria,-0.3
2013-Jul,Bulgaria,-0.1
2013-Aug,Bulgaria,-0.2
2013-Sep,Bulgaria,-0.3
2013-Oct,Bulgaria,0.2
2013-Nov,Bulgaria,-0.1
2013-Dec,Bulgaria,0.4
2014-Jan,Bulgaria,-0.3
2014-Feb,Bulgaria,-0.6
2014-Mar,Bulgaria,-0.3
2014-Apr,Bulgaria,0.2
2014-May,Bulgaria,-0.5
2014-Jun,Bulgaria,-0.3
2014-Jul,Bulgaria,0.6
2014-Aug,Bulgaria,-0.1
2014-Sep,Bulgaria,-0.7
2014-Oct,Bulgaria,0.1
2014-Nov,Bulgaria,-0.5
2014-Dec,Bulgaria,0.3
2005-Jan,Czech Republic,0.6
2005-Feb,Czech Republic,0
2005-Mar,Czech Republic,-0.1
2005-Apr,Czech Republic,0.3
2005-May,Czech Republic,0.1
2005-Jun,Czech Republic,0.6
2005-Jul,Czech Republic,0.3
2005-Aug,Czech Republic,0
2005-Sep,Czech Republic,-0.1
2005-Oct,Czech Republic,0.9
2005-Nov,Czech Republic,-0.4
2005-Dec,Czech Republic,-0.3
2006-Jan,Czech Republic,1.1
2006-Feb,Czech Republic,0
2006-Mar,Czech Republic,-0.1
2006-Apr,Czech Republic,0.2
2006-May,Czech Republic,0.6
2006-Jun,Czech Republic,0.1
2006-Jul,Czech Republic,0.4
2006-Aug,Czech Republic,0.2
2006-Sep,Czech Republic,-0.5
2006-Oct,Czech Republic,-0.5
2006-Nov,Czech Republic,-0.2
2006-Dec,Czech Republic,0.2
2007-Jan,Czech Republic,1
2007-Feb,Czech Republic,0.3
2007-Mar,Czech Republic,0.3
2007-Apr,Czech Republic,0.8
2007-May,Czech Republic,0.4
2007-Jun,Czech Republic,0.3
2007-Jul,Czech Republic,0.3
2007-Aug,Czech Republic,0.3
2007-Sep,Czech Republic,-0.3
2007-Oct,Czech Republic,0.7
2007-Nov,Czech Republic,0.8
2007-Dec,Czech Republic,0.6
2008-Jan,Czech Republic,3.3
2008-Feb,Czech Republic,0.1
2008-Mar,Czech Republic,-0.2
2008-Apr,Czech Republic,0.4
2008-May,Czech Republic,0.4
2008-Jun,Czech Republic,0.1
2008-Jul,Czech Republic,0.5
2008-Aug,Czech Republic,-0.3
2008-Sep,Czech Republic,-0.2
2008-Oct,Czech Republic,0.1
2008-Nov,Czech Republic,-0.7
2008-Dec,Czech Republic,-0.3
2009-Jan,Czech Republic,1.4
2009-Feb,Czech Republic,0.1
2009-Mar,Czech Republic,0.2
2009-Apr,Czech Republic,-0.1
2009-May,Czech Republic,0.1
2009-Jun,Czech Republic,0
2009-Jul,Czech Republic,-0.4
2009-Aug,Czech Republic,-0.2
2009-Sep,Czech Republic,-0.4
2009-Oct,Czech Republic,-0.3
2009-Nov,Czech Republic,0.1
2009-Dec,Czech Republic,0.1
2010-Jan,Czech Republic,1.2
2010-Feb,Czech Republic,0.1
2010-Mar,Czech Republic,0.2
2010-Apr,Czech Republic,0.4
2010-May,Czech Republic,0.2
2010-Jun,Czech Republic,0
2010-Jul,Czech Republic,0.3
2010-Aug,Czech Republic,-0.3
2010-Sep,Czech Republic,-0.2
2010-Oct,Czech Republic,-0.3
2010-Nov,Czech Republic,0.2
2010-Dec,Czech Republic,0.5
2011-Jan,Czech Republic,0.8
2011-Feb,Czech Republic,0
2011-Mar,Czech Republic,0.2
2011-Apr,Czech Republic,0.2
2011-May,Czech Republic,0.6
2011-Jun,Czech Republic,-0.1
2011-Jul,Czech Republic,0.3
2011-Aug,Czech Republic,-0.1
2011-Sep,Czech Republic,-0.2
2011-Oct,Czech Republic,0.3
2011-Nov,Czech Republic,0.4
2011-Dec,Czech Republic,0.4
2012-Jan,Czech Republic,1.8
2012-Feb,Czech Republic,0.2
2012-Mar,Czech Republic,0.3
2012-Apr,Czech Republic,0
2012-May,Czech Republic,0.2
2012-Jun,Czech Republic,0.2
2012-Jul,Czech Republic,-0.2
2012-Aug,Czech Republic,0
2012-Sep,Czech Republic,-0.1
2012-Oct,Czech Republic,0.3
2012-Nov,Czech Republic,-0.3
2012-Dec,Czech Republic,0
2013-Jan,Czech Republic,1.2
2013-Feb,Czech Republic,0.1
2013-Mar,Czech Republic,0.1
2013-Apr,Czech Republic,0.2
2013-May,Czech Republic,-0.2
2013-Jun,Czech Republic,0.5
2013-Jul,Czech Republic,-0.3
2013-Aug,Czech Republic,-0.2
2013-Sep,Czech Republic,-0.3
2013-Oct,Czech Republic,0.2
2013-Nov,Czech Republic,-0.2
2013-Dec,Czech Republic,0.5
2014-Jan,Czech Republic,0.1
2014-Feb,Czech Republic,0.1
2014-Mar,Czech Republic,0.1
2014-Apr,Czech Republic,0
2014-May,Czech Republic,0.1
2014-Jun,Czech Republic,0
2014-Jul,Czech Republic,0.2
2014-Aug,Czech Republic,-0.1
2014-Sep,Czech Republic,-0.2
2014-Oct,Czech Republic,0.1
2014-Nov,Czech Republic,-0.3
2014-Dec,Czech Republic,0
2005-Jan,Denmark,-0.2
2005-Feb,Denmark,0.6
2005-Mar,Denmark,0.8
2005-Apr,Denmark,0.5
2005-May,Denmark,-0.1
2005-Jun,Denmark,0.2
2005-Jul,Denmark,-0.2
2005-Aug,Denmark,0.1
2005-Sep,Denmark,0.8
2005-Oct,Denmark,0
2005-Nov,Denmark,-0.4
2005-Dec,Denmark,0.1
2006-Jan,Denmark,-0.4
2006-Feb,Denmark,0.7
2006-Mar,Denmark,0.5
2006-Apr,Denmark,0.5
2006-May,Denmark,0.2
2006-Jun,Denmark,0.2
2006-Jul,Denmark,-0.3
2006-Aug,Denmark,0
2006-Sep,Denmark,0.4
2006-Oct,Denmark,-0.1
2006-Nov,Denmark,0
2006-Dec,Denmark,0
2007-Jan,Denmark,-0.3
2007-Feb,Denmark,0.8
2007-Mar,Denmark,0.5
2007-Apr,Denmark,0.3
2007-May,Denmark,0.2
2007-Jun,Denmark,-0.2
2007-Jul,Denmark,-0.5
2007-Aug,Denmark,-0.2
2007-Sep,Denmark,0.7
2007-Oct,Denmark,0.5
2007-Nov,Denmark,0.8
2007-Dec,Denmark,-0.1
2008-Jan,Denmark,0.3
2008-Feb,Denmark,1
2008-Mar,Denmark,0.5
2008-Apr,Denmark,0.4
2008-May,Denmark,0.4
2008-Jun,Denmark,0.4
2008-Jul,Denmark,-0.3
2008-Aug,Denmark,0.2
2008-Sep,Denmark,0.5
2008-Oct,Denmark,-0.2
2008-Nov,Denmark,-0.3
2008-Dec,Denmark,-0.5
2009-Jan,Denmark,-0.4
2009-Feb,Denmark,1
2009-Mar,Denmark,0.4
2009-Apr,Denmark,-0.1
2009-May,Denmark,0.4
2009-Jun,Denmark,0.2
2009-Jul,Denmark,-0.6
2009-Aug,Denmark,0.3
2009-Sep,Denmark,0.2
2009-Oct,Denmark,0
2009-Nov,Denmark,0
2009-Dec,Denmark,-0.2
2010-Jan,Denmark,0.3
2010-Feb,Denmark,0.9
2010-Mar,Denmark,0.7
2010-Apr,Denmark,0.2
2010-May,Denmark,-0.1
2010-Jun,Denmark,-0.1
2010-Jul,Denmark,-0.1
2010-Aug,Denmark,0.5
2010-Sep,Denmark,0.4
2010-Oct,Denmark,-0.1
2010-Nov,Denmark,0.1
2010-Dec,Denmark,0.1
2011-Jan,Denmark,0.1
2011-Feb,Denmark,1
2011-Mar,Denmark,0.6
2011-Apr,Denmark,0.4
2011-May,Denmark,0.2
2011-Jun,Denmark,-0.3
2011-Jul,Denmark,0
2011-Aug,Denmark,-0.1
2011-Sep,Denmark,0.4
2011-Oct,Denmark,0.2
2011-Nov,Denmark,-0.1
2011-Dec,Denmark,0
2012-Jan,Denmark,0.4
2012-Feb,Denmark,1
2012-Mar,Denmark,0.6
2012-Apr,Denmark,0
2012-May,Denmark,0
2012-Jun,Denmark,-0.2
2012-Jul,Denmark,-0.1
2012-Aug,Denmark,0.4
2012-Sep,Denmark,0.3
2012-Oct,Denmark,-0.1
2012-Nov,Denmark,-0.2
2012-Dec,Denmark,-0.3
2013-Jan,Denmark,-0.5
2013-Feb,Denmark,1
2013-Mar,Denmark,0.3
2013-Apr,Denmark,-0.3
2013-May,Denmark,0.2
2013-Jun,Denmark,-0.2
2013-Jul,Denmark,-0.3
2013-Aug,Denmark,0.1
2013-Sep,Denmark,0.3
2013-Oct,Denmark,0.1
2013-Nov,Denmark,-0.2
2013-Dec,Denmark,-0.2
2014-Jan,Denmark,-0.2
2014-Feb,Denmark,0.5
2014-Mar,Denmark,0.2
2014-Apr,Denmark,0.1
2014-May,Denmark,0
2014-Jun,Denmark,-0.1
2014-Jul,Denmark,-0.2
2014-Aug,Denmark,-0.2
2014-Sep,Denmark,0.3
2014-Oct,Denmark,0.1
2014-Nov,Denmark,-0.3
2014-Dec,Denmark,-0.3
2005-Jan,Germany,-0.6
2005-Feb,Germany,0.4
2005-Mar,Germany,0.3
2005-Apr,Germany,0
2005-May,Germany,0.4
2005-Jun,Germany,0.2
2005-Jul,Germany,0.4
2005-Aug,Germany,0.2
2005-Sep,Germany,0.3
2005-Oct,Germany,0
2005-Nov,Germany,-0.5
2005-Dec,Germany,1
2006-Jan,Germany,-0.6
2006-Feb,Germany,0.4
2006-Mar,Germany,0.1
2006-Apr,Germany,0.4
2006-May,Germany,0.2
2006-Jun,Germany,0.1
2006-Jul,Germany,0.5
2006-Aug,Germany,-0.1
2006-Sep,Germany,-0.5
2006-Oct,Germany,0.1
2006-Nov,Germany,-0.1
2006-Dec,Germany,0.9
2007-Jan,Germany,-0.2
2007-Feb,Germany,0.5
2007-Mar,Germany,0.2
2007-Apr,Germany,0.4
2007-May,Germany,0.2
2007-Jun,Germany,0.1
2007-Jul,Germany,0.5
2007-Aug,Germany,-0.1
2007-Sep,Germany,0.2
2007-Oct,Germany,0.2
2007-Nov,Germany,0.5
2007-Dec,Germany,0.7
2008-Jan,Germany,-0.4
2008-Feb,Germany,0.6
2008-Mar,Germany,0.5
2008-Apr,Germany,-0.3
2008-May,Germany,0.7
2008-Jun,Germany,0.4
2008-Jul,Germany,0.7
2008-Aug,Germany,-0.4
2008-Sep,Germany,-0.1
2008-Oct,Germany,-0.3
2008-Nov,Germany,-0.6
2008-Dec,Germany,0.4
2009-Jan,Germany,-0.6
2009-Feb,Germany,0.7
2009-Mar,Germany,-0.2
2009-Apr,Germany,0.1
2009-May,Germany,-0.1
2009-Jun,Germany,0.4
2009-Jul,Germany,-0.1
2009-Aug,Germany,0.3
2009-Sep,Germany,-0.5
2009-Oct,Germany,0.1
2009-Nov,Germany,-0.2
2009-Dec,Germany,0.9
2010-Jan,Germany,-0.6
2010-Feb,Germany,0.4
2010-Mar,Germany,0.6
2010-Apr,Germany,-0.1
2010-May,Germany,0.1
2010-Jun,Germany,0
2010-Jul,Germany,0.3
2010-Aug,Germany,0.1
2010-Sep,Germany,-0.2
2010-Oct,Germany,0.1
2010-Nov,Germany,0.1
2010-Dec,Germany,1.2
2011-Jan,Germany,-0.5
2011-Feb,Germany,0.6
2011-Mar,Germany,0.6
2011-Apr,Germany,0.3
2011-May,Germany,-0.2
2011-Jun,Germany,0
2011-Jul,Germany,0.5
2011-Aug,Germany,0
2011-Sep,Germany,0.2
2011-Oct,Germany,0.1
2011-Nov,Germany,0
2011-Dec,Germany,0.7
2012-Jan,Germany,-0.5
2012-Feb,Germany,0.9
2012-Mar,Germany,0.4
2012-Apr,Germany,0.1
2012-May,Germany,-0.2
2012-Jun,Germany,-0.2
2012-Jul,Germany,0.4
2012-Aug,Germany,0.4
2012-Sep,Germany,0
2012-Oct,Germany,0.1
2012-Nov,Germany,-0.2
2012-Dec,Germany,0.9
2013-Jan,Germany,-0.7
2013-Feb,Germany,0.8
2013-Mar,Germany,0.4
2013-Apr,Germany,-0.5
2013-May,Germany,0.3
2013-Jun,Germany,0.1
2013-Jul,Germany,0.4
2013-Aug,Germany,0
2013-Sep,Germany,0
2013-Oct,Germany,-0.3
2013-Nov,Germany,0.2
2013-Dec,Germany,0.5
2014-Jan,Germany,-0.7
2014-Feb,Germany,0.5
2014-Mar,Germany,0.3
2014-Apr,Germany,-0.3
2014-May,Germany,-0.3
2014-Jun,Germany,0.4
2014-Jul,Germany,0.3
2014-Aug,Germany,0
2014-Sep,Germany,0
2014-Oct,Germany,-0.3
2014-Nov,Germany,0
2014-Dec,Germany,0.1
2005-Jan,Estonia,-0.2
2005-Feb,Estonia,0.6
2005-Mar,Estonia,0.6
2005-Apr,Estonia,0.5
2005-May,Estonia,0.2
2005-Jun,Estonia,0.7
2005-Jul,Estonia,0.4
2005-Aug,Estonia,0.3
2005-Sep,Estonia,0.9
2005-Oct,Estonia,-0.1
2005-Nov,Estonia,-0.1
2005-Dec,Estonia,-0.1
2006-Jan,Estonia,0.8
2006-Feb,Estonia,0.5
2006-Mar,Estonia,0.1
2006-Apr,Estonia,0.7
2006-May,Estonia,0.5
2006-Jun,Estonia,0.5
2006-Jul,Estonia,0.4
2006-Aug,Estonia,0.7
2006-Sep,Estonia,-0.2
2006-Oct,Estonia,-0.1
2006-Nov,Estonia,0.8
2006-Dec,Estonia,0.3
2007-Jan,Estonia,0.7
2007-Feb,Estonia,0.1
2007-Mar,Estonia,1.1
2007-Apr,Estonia,0.7
2007-May,Estonia,0.8
2007-Jun,Estonia,0.6
2007-Jul,Estonia,1
2007-Aug,Estonia,0.3
2007-Sep,Estonia,1.1
2007-Oct,Estonia,1
2007-Nov,Estonia,1.3
2007-Dec,Estonia,0.7
2008-Jan,Estonia,2.1
2008-Feb,Estonia,0.4
2008-Mar,Estonia,0.8
2008-Apr,Estonia,1
2008-May,Estonia,0.6
2008-Jun,Estonia,0.7
2008-Jul,Estonia,0.7
2008-Aug,Estonia,0.3
2008-Sep,Estonia,0.8
2008-Oct,Estonia,0.4
2008-Nov,Estonia,-0.2
2008-Dec,Estonia,-0.2
2009-Jan,Estonia,-0.6
2009-Feb,Estonia,-0.4
2009-Mar,Estonia,-0.5
2009-Apr,Estonia,-0.6
2009-May,Estonia,0
2009-Jun,Estonia,-0.2
2009-Jul,Estonia,0.8
2009-Aug,Estonia,-0.1
2009-Sep,Estonia,-0.2
2009-Oct,Estonia,-0.1
2009-Nov,Estonia,-0.3
2009-Dec,Estonia,0.1
2010-Jan,Estonia,0.3
2010-Feb,Estonia,0.3
2010-Mar,Estonia,1.2
2010-Apr,Estonia,0.5
2010-May,Estonia,0.3
2010-Jun,Estonia,0.4
2010-Jul,Estonia,0.2
2010-Aug,Estonia,0
2010-Sep,Estonia,0.8
2010-Oct,Estonia,0.6
2010-Nov,Estonia,0.3
2010-Dec,Estonia,0.5
2011-Jan,Estonia,0
2011-Feb,Estonia,0.7
2011-Mar,Estonia,0.8
2011-Apr,Estonia,0.8
2011-May,Estonia,0.4
2011-Jun,Estonia,-0.1
2011-Jul,Estonia,0.6
2011-Aug,Estonia,0.3
2011-Sep,Estonia,0.6
2011-Oct,Estonia,-0.1
2011-Nov,Estonia,0.1
2011-Dec,Estonia,0.1
2012-Jan,Estonia,0.6
2012-Feb,Estonia,0.4
2012-Mar,Estonia,1
2012-Apr,Estonia,0.4
2012-May,Estonia,0.2
2012-Jun,Estonia,0.1
2012-Jul,Estonia,0.3
2012-Aug,Estonia,0.3
2012-Sep,Estonia,0.4
2012-Oct,Estonia,0.1
2012-Nov,Estonia,-0.3
2012-Dec,Estonia,0
2013-Jan,Estonia,0.6
2013-Feb,Estonia,0.7
2013-Mar,Estonia,0.8
2013-Apr,Estonia,0.1
2013-May,Estonia,0.4
2013-Jun,Estonia,0.6
2013-Jul,Estonia,0.2
2013-Aug,Estonia,-0.1
2013-Sep,Estonia,-0.5
2013-Oct,Estonia,-0.3
2013-Nov,Estonia,-0.5
2013-Dec,Estonia,0
2014-Jan,Estonia,0.2
2014-Feb,Estonia,0.2
2014-Mar,Estonia,0.4
2014-Apr,Estonia,0.2
2014-May,Estonia,0.2
2014-Jun,Estonia,0.3
2014-Jul,Estonia,-0.2
2014-Aug,Estonia,-0.2
2014-Sep,Estonia,-0.1
2014-Oct,Estonia,-0.1
2014-Nov,Estonia,-0.9
2014-Dec,Estonia,0
2005-Jan,Ireland,-1
2005-Feb,Ireland,0.9
2005-Mar,Ireland,0.2
2005-Apr,Ireland,0.6
2005-May,Ireland,0.2
2005-Jun,Ireland,0.3
2005-Jul,Ireland,-0.1
2005-Aug,Ireland,0.5
2005-Sep,Ireland,0.7
2005-Oct,Ireland,0
2005-Nov,Ireland,-0.2
2005-Dec,Ireland,-0.2
2006-Jan,Ireland,-0.5
2006-Feb,Ireland,1.2
2006-Mar,Ireland,0.3
2006-Apr,Ireland,0.5
2006-May,Ireland,0.5
2006-Jun,Ireland,0.2
2006-Jul,Ireland,-0.1
2006-Aug,Ireland,0.8
2006-Sep,Ireland,-0.3
2006-Oct,Ireland,0
2006-Nov,Ireland,0
2006-Dec,Ireland,0.4
2007-Jan,Ireland,-0.6
2007-Feb,Ireland,0.9
2007-Mar,Ireland,0.7
2007-Apr,Ireland,0.5
2007-May,Ireland,0.3
2007-Jun,Ireland,0.3
2007-Jul,Ireland,-0.2
2007-Aug,Ireland,0.4
2007-Sep,Ireland,0.3
2007-Oct,Ireland,0.1
2007-Nov,Ireland,0.5
2007-Dec,Ireland,0.1
2008-Jan,Ireland,-0.7
2008-Feb,Ireland,1.2
2008-Mar,Ireland,0.9
2008-Apr,Ireland,0.1
2008-May,Ireland,0.6
2008-Jun,Ireland,0.5
2008-Jul,Ireland,-0.5
2008-Aug,Ireland,0
2008-Sep,Ireland,0.3
2008-Oct,Ireland,-0.4
2008-Nov,Ireland,-0.1
2008-Dec,Ireland,-0.7
2009-Jan,Ireland,-0.8
2009-Feb,Ireland,0.2
2009-Mar,Ireland,0.1
2009-Apr,Ireland,0.1
2009-May,Ireland,-0.4
2009-Jun,Ireland,0
2009-Jul,Ireland,-0.8
2009-Aug,Ireland,0.2
2009-Sep,Ireland,-0.4
2009-Oct,Ireland,-0.2
2009-Nov,Ireland,-0.1
2009-Dec,Ireland,-0.5
2010-Jan,Ireland,-0.7
2010-Feb,Ireland,0.2
2010-Mar,Ireland,0.1
2010-Apr,Ireland,0
2010-May,Ireland,0.3
2010-Jun,Ireland,-0.1
2010-Jul,Ireland,-0.1
2010-Aug,Ireland,0.2
2010-Sep,Ireland,-0.2
2010-Oct,Ireland,0.1
2010-Nov,Ireland,-0.2
2010-Dec,Ireland,0.2
2011-Jan,Ireland,-0.3
2011-Feb,Ireland,0.9
2011-Mar,Ireland,0.5
2011-Apr,Ireland,0.3
2011-May,Ireland,0
2011-Jun,Ireland,-0.2
2011-Jul,Ireland,-0.2
2011-Aug,Ireland,0.2
2011-Sep,Ireland,0.1
2011-Oct,Ireland,0.3
2011-Nov,Ireland,0
2011-Dec,Ireland,-0.1
2012-Jan,Ireland,-0.4
2012-Feb,Ireland,1.1
2012-Mar,Ireland,1
2012-Apr,Ireland,0
2012-May,Ireland,0
2012-Jun,Ireland,-0.2
2012-Jul,Ireland,-0.1
2012-Aug,Ireland,0.8
2012-Sep,Ireland,-0.1
2012-Oct,Ireland,-0.1
2012-Nov,Ireland,-0.5
2012-Dec,Ireland,0
2013-Jan,Ireland,-0.6
2013-Feb,Ireland,0.8
2013-Mar,Ireland,0.4
2013-Apr,Ireland,-0.1
2013-May,Ireland,0
2013-Jun,Ireland,0.1
2013-Jul,Ireland,-0.1
2013-Aug,Ireland,0.1
2013-Sep,Ireland,-0.1
2013-Oct,Ireland,-0.2
2013-Nov,Ireland,-0.1
2013-Dec,Ireland,0.1
2014-Jan,Ireland,-0.6
2014-Feb,Ireland,0.6
2014-Mar,Ireland,0.5
2014-Apr,Ireland,0
2014-May,Ireland,0
2014-Jun,Ireland,0.2
2014-Jul,Ireland,-0.1
2014-Aug,Ireland,0.3
2014-Sep,Ireland,-0.3
2014-Oct,Ireland,-0.3
2014-Nov,Ireland,-0.3
2014-Dec,Ireland,-0.4
2005-Jan,Greece,0.2
2005-Feb,Greece,-1.7
2005-Mar,Greece,2.5
2005-Apr,Greece,0.8
2005-May,Greece,0.4
2005-Jun,Greece,-0.2
2005-Jul,Greece,-1.3
2005-Aug,Greece,-0.6
2005-Sep,Greece,2.4
2005-Oct,Greece,0.7
2005-Nov,Greece,-0.2
2005-Dec,Greece,0.6
2006-Jan,Greece,-0.2
2006-Feb,Greece,-1.6
2006-Mar,Greece,2.7
2006-Apr,Greece,1
2006-May,Greece,0.1
2006-Jun,Greece,-0.1
2006-Jul,Greece,-0.8
2006-Aug,Greece,-1
2006-Sep,Greece,2
2006-Oct,Greece,0.7
2006-Nov,Greece,-0.2
2006-Dec,Greece,0.6
2007-Jan,Greece,-0.4
2007-Feb,Greece,-1.6
2007-Mar,Greece,2.5
2007-Apr,Greece,0.8
2007-May,Greece,0.2
2007-Jun,Greece,0
2007-Jul,Greece,-0.8
2007-Aug,Greece,-1
2007-Sep,Greece,2.3
2007-Oct,Greece,0.7
2007-Nov,Greece,0.8
2007-Dec,Greece,0.5
2008-Jan,Greece,-0.3
2008-Feb,Greece,-1
2008-Mar,Greece,2.3
2008-Apr,Greece,0.8
2008-May,Greece,0.7
2008-Jun,Greece,0
2008-Jul,Greece,-0.8
2008-Aug,Greece,-1.1
2008-Sep,Greece,2.1
2008-Oct,Greece,0
2008-Nov,Greece,-0.2
2008-Dec,Greece,-0.3
2009-Jan,Greece,-0.5
2009-Feb,Greece,-1.1
2009-Mar,Greece,2
2009-Apr,Greece,0.4
2009-May,Greece,0.2
2009-Jun,Greece,-0.1
2009-Jul,Greece,-0.7
2009-Aug,Greece,-0.8
2009-Sep,Greece,1.9
2009-Oct,Greece,0.5
2009-Nov,Greece,0.6
2009-Dec,Greece,0.1
2010-Jan,Greece,-0.8
2010-Feb,Greece,-0.6
2010-Mar,Greece,3.1
2010-Apr,Greece,1.2
2010-May,Greece,0.8
2010-Jun,Greece,-0.2
2010-Jul,Greece,-0.4
2010-Aug,Greece,-0.7
2010-Sep,Greece,1.9
2010-Oct,Greece,0.1
2010-Nov,Greece,0.2
2010-Dec,Greece,0.5
2011-Jan,Greece,-1
2011-Feb,Greece,-1.3
2011-Mar,Greece,3.2
2011-Apr,Greece,0.7
2011-May,Greece,0.2
2011-Jun,Greece,-0.2
2011-Jul,Greece,-1.4
2011-Aug,Greece,-1.4
2011-Sep,Greece,3.4
2011-Oct,Greece,0.1
2011-Nov,Greece,0.2
2011-Dec,Greece,-0.2
2012-Jan,Greece,-1.1
2012-Feb,Greece,-1.7
2012-Mar,Greece,2.9
2012-Apr,Greece,0.8
2012-May,Greece,-0.3
2012-Jun,Greece,-0.2
2012-Jul,Greece,-1.4
2012-Aug,Greece,-1.2
2012-Sep,Greece,2.5
2012-Oct,Greece,0.7
2012-Nov,Greece,-0.3
2012-Dec,Greece,-0.3
2013-Jan,Greece,-1.4
2013-Feb,Greece,-1.6
2013-Mar,Greece,2.5
2013-Apr,Greece,0.5
2013-May,Greece,0
2013-Jun,Greece,-0.2
2013-Jul,Greece,-1.6
2013-Aug,Greece,-1.7
2013-Sep,Greece,2.5
2013-Oct,Greece,-0.2
2013-Nov,Greece,-1.3
2013-Dec,Greece,0.8
2014-Jan,Greece,-0.9
2014-Feb,Greece,-1.1
2014-Mar,Greece,1.8
2014-Apr,Greece,0.4
2014-May,Greece,-0.6
2014-Jun,Greece,0.5
2014-Jul,Greece,-1
2014-Aug,Greece,-1.1
2014-Sep,Greece,1.6
2014-Oct,Greece,-0.9
2014-Nov,Greece,-0.7
2014-Dec,Greece,-0.5
2005-Jan,Spain,-1
2005-Feb,Spain,0.2
2005-Mar,Spain,0.9
2005-Apr,Spain,1.4
2005-May,Spain,0.2
2005-Jun,Spain,0.3
2005-Jul,Spain,-0.6
2005-Aug,Spain,0.5
2005-Sep,Spain,0.6
2005-Oct,Spain,0.8
2005-Nov,Spain,0.2
2005-Dec,Spain,0.2
2006-Jan,Spain,-0.5
2006-Feb,Spain,0.1
2006-Mar,Spain,0.7
2006-Apr,Spain,1.4
2006-May,Spain,0.4
2006-Jun,Spain,0.2
2006-Jul,Spain,-0.5
2006-Aug,Spain,0.2
2006-Sep,Spain,-0.2
2006-Oct,Spain,0.4
2006-Nov,Spain,0.2
2006-Dec,Spain,0.3
2007-Jan,Spain,-0.7
2007-Feb,Spain,0.1
2007-Mar,Spain,0.8
2007-Apr,Spain,1.4
2007-May,Spain,0.3
2007-Jun,Spain,0.2
2007-Jul,Spain,-0.7
2007-Aug,Spain,0.2
2007-Sep,Spain,0.3
2007-Oct,Spain,1.3
2007-Nov,Spain,0.7
2007-Dec,Spain,0.4
2008-Jan,Spain,-0.6
2008-Feb,Spain,0.1
2008-Mar,Spain,0.9
2008-Apr,Spain,1.1
2008-May,Spain,0.7
2008-Jun,Spain,0.6
2008-Jul,Spain,-0.5
2008-Aug,Spain,-0.2
2008-Sep,Spain,0
2008-Oct,Spain,0.3
2008-Nov,Spain,-0.4
2008-Dec,Spain,-0.5
2009-Jan,Spain,-1.3
2009-Feb,Spain,0
2009-Mar,Spain,0.2
2009-Apr,Spain,1
2009-May,Spain,0
2009-Jun,Spain,0.5
2009-Jul,Spain,-0.8
2009-Aug,Spain,0.4
2009-Sep,Spain,-0.3
2009-Oct,Spain,0.7
2009-Nov,Spain,0.5
2009-Dec,Spain,0
2010-Jan,Spain,-1.5
2010-Feb,Spain,-0.2
2010-Mar,Spain,2.4
2010-Apr,Spain,0.7
2010-May,Spain,0
2010-Jun,Spain,0.1
2010-Jul,Spain,-1.1
2010-Aug,Spain,0.2
2010-Sep,Spain,0.9
2010-Oct,Spain,0.4
2010-Nov,Spain,0.3
2010-Dec,Spain,0.6
2011-Jan,Spain,-1.3
2011-Feb,Spain,0.1
2011-Mar,Spain,2.4
2011-Apr,Spain,0.9
2011-May,Spain,-0.1
2011-Jun,Spain,-0.2
2011-Jul,Spain,-1.2
2011-Aug,Spain,0
2011-Sep,Spain,1.2
2011-Oct,Spain,0.4
2011-Nov,Spain,0.2
2011-Dec,Spain,0
2012-Jan,Spain,-1.7
2012-Feb,Spain,0
2012-Mar,Spain,2.2
2012-Apr,Spain,1.1
2012-May,Spain,-0.2
2012-Jun,Spain,-0.2
2012-Jul,Spain,-0.9
2012-Aug,Spain,0.5
2012-Sep,Spain,1.9
2012-Oct,Spain,0.5
2012-Nov,Spain,-0.2
2012-Dec,Spain,0
2013-Jan,Spain,-1.8
2013-Feb,Spain,0.1
2013-Mar,Spain,1.9
2013-Apr,Spain,0.1
2013-May,Spain,0.1
2013-Jun,Spain,0.1
2013-Jul,Spain,-1.1
2013-Aug,Spain,0.2
2013-Sep,Spain,0.8
2013-Oct,Spain,0
2013-Nov,Spain,0
2013-Dec,Spain,0
2014-Jan,Spain,-1.8
2014-Feb,Spain,-0.1
2014-Mar,Spain,1.6
2014-Apr,Spain,0.6
2014-May,Spain,0
2014-Jun,Spain,-0.1
2014-Jul,Spain,-1.5
2014-Aug,Spain,0.1
2014-Sep,Spain,1
2014-Oct,Spain,0.1
2014-Nov,Spain,-0.2
2014-Dec,Spain,-0.7
2005-Jan,France,-0.6
2005-Feb,France,0.7
2005-Mar,France,0.7
2005-Apr,France,0.2
2005-May,France,0
2005-Jun,France,0.2
2005-Jul,France,-0.2
2005-Aug,France,0.4
2005-Sep,France,0.4
2005-Oct,France,0
2005-Nov,France,-0.3
2005-Dec,France,0.2
2006-Jan,France,-0.1
2006-Feb,France,0.4
2006-Mar,France,0.4
2006-Apr,France,0.4
2006-May,France,0.4
2006-Jun,France,0
2006-Jul,France,-0.2
2006-Aug,France,0.3
2006-Sep,France,-0.2
2006-Oct,France,-0.2
2006-Nov,France,0.1
2006-Dec,France,0.2
2007-Jan,France,-0.4
2007-Feb,France,0.2
2007-Mar,France,0.5
2007-Apr,France,0.5
2007-May,France,0.3
2007-Jun,France,0.1
2007-Jul,France,-0.3
2007-Aug,France,0.4
2007-Sep,France,0.1
2007-Oct,France,0.3
2007-Nov,France,0.6
2007-Dec,France,0.4
2008-Jan,France,0
2008-Feb,France,0.2
2008-Mar,France,0.8
2008-Apr,France,0.4
2008-May,France,0.6
2008-Jun,France,0.4
2008-Jul,France,-0.3
2008-Aug,France,-0.1
2008-Sep,France,0
2008-Oct,France,-0.1
2008-Nov,France,-0.5
2008-Dec,France,-0.3
2009-Jan,France,-0.4
2009-Feb,France,0.4
2009-Mar,France,0.2
2009-Apr,France,0.1
2009-May,France,0.1
2009-Jun,France,0.1
2009-Jul,France,-0.5
2009-Aug,France,0.6
2009-Sep,France,-0.2
2009-Oct,France,0.1
2009-Nov,France,0.2
2009-Dec,France,0.3
2010-Jan,France,-0.2
2010-Feb,France,0.6
2010-Mar,France,0.5
2010-Apr,France,0.3
2010-May,France,0.1
2010-Jun,France,0
2010-Jul,France,-0.3
2010-Aug,France,0.2
2010-Sep,France,0
2010-Oct,France,0.1
2010-Nov,France,0.1
2010-Dec,France,0.5
2011-Jan,France,-0.3
2011-Feb,France,0.5
2011-Mar,France,0.9
2011-Apr,France,0.4
2011-May,France,0.1
2011-Jun,France,0.1
2011-Jul,France,-0.5
2011-Aug,France,0.6
2011-Sep,France,0
2011-Oct,France,0.3
2011-Nov,France,0.3
2011-Dec,France,0.4
2012-Jan,France,-0.4
2012-Feb,France,0.5
2012-Mar,France,0.9
2012-Apr,France,0.2
2012-May,France,-0.1
2012-Jun,France,0.1
2012-Jul,France,-0.5
2012-Aug,France,0.7
2012-Sep,France,-0.3
2012-Oct,France,0.2
2012-Nov,France,-0.2
2012-Dec,France,0.4
2013-Jan,France,-0.6
2013-Feb,France,0.3
2013-Mar,France,0.8
2013-Apr,France,-0.1
2013-May,France,0.1
2013-Jun,France,0.2
2013-Jul,France,-0.3
2013-Aug,France,0.5
2013-Sep,France,-0.2
2013-Oct,France,-0.1
2013-Nov,France,0
2013-Dec,France,0.4
2014-Jan,France,-0.6
2014-Feb,France,0.6
2014-Mar,France,0.5
2014-Apr,France,0
2014-May,France,0
2014-Jun,France,0
2014-Jul,France,-0.4
2014-Aug,France,0.5
2014-Sep,France,-0.4
2014-Oct,France,0
2014-Nov,France,-0.2
2014-Dec,France,0.1
2005-Jan,Italy,-1
2005-Feb,Italy,-0.1
2005-Mar,Italy,1.2
2005-Apr,Italy,0.8
2005-May,Italy,0.3
2005-Jun,Italy,0
2005-Jul,Italy,-0.2
2005-Aug,Italy,-0.2
2005-Sep,Italy,0.6
2005-Oct,Italy,0.7
2005-Nov,Italy,0
2005-Dec,Italy,0
2006-Jan,Italy,-0.9
2006-Feb,Italy,-0.1
2006-Mar,Italy,1.2
2006-Apr,Italy,0.9
2006-May,Italy,0.3
2006-Jun,Italy,0.1
2006-Jul,Italy,-0.3
2006-Aug,Italy,-0.2
2006-Sep,Italy,0.7
2006-Oct,Italy,0.2
2006-Nov,Italy,0.1
2006-Dec,Italy,0.1
2007-Jan,Italy,-1.1
2007-Feb,Italy,0.1
2007-Mar,Italy,1.2
2007-Apr,Italy,0.6
2007-May,Italy,0.4
2007-Jun,Italy,0.2
2007-Jul,Italy,-0.6
2007-Aug,Italy,-0.2
2007-Sep,Italy,0.8
2007-Oct,Italy,0.8
2007-Nov,Italy,0.4
2007-Dec,Italy,0.3
2008-Jan,Italy,-0.8
2008-Feb,Italy,0.1
2008-Mar,Italy,1.6
2008-Apr,Italy,0.6
2008-May,Italy,0.6
2008-Jun,Italy,0.5
2008-Jul,Italy,-0.6
2008-Aug,Italy,0
2008-Sep,Italy,0.5
2008-Oct,Italy,0.5
2008-Nov,Italy,-0.5
2008-Dec,Italy,-0.1
2009-Jan,Italy,-1.7
2009-Feb,Italy,0.2
2009-Mar,Italy,1.2
2009-Apr,Italy,0.6
2009-May,Italy,0.2
2009-Jun,Italy,0.2
2009-Jul,Italy,-1.2
2009-Aug,Italy,0.2
2009-Sep,Italy,0.7
2009-Oct,Italy,0.4
2009-Nov,Italy,0.1
2009-Dec,Italy,0.2
2010-Jan,Italy,-1.5
2010-Feb,Italy,0
2010-Mar,Italy,1.5
2010-Apr,Italy,0.9
2010-May,Italy,0.1
2010-Jun,Italy,0.1
2010-Jul,Italy,-0.9
2010-Aug,Italy,0.2
2010-Sep,Italy,0.6
2010-Oct,Italy,0.7
2010-Nov,Italy,0
2010-Dec,Italy,0.4
2011-Jan,Italy,-1.6
2011-Feb,Italy,0.2
2011-Mar,Italy,2.2
2011-Apr,Italy,1
2011-May,Italy,0.2
2011-Jun,Italy,0.1
2011-Jul,Italy,-1.7
2011-Aug,Italy,0.4
2011-Sep,Italy,2
2011-Oct,Italy,0.9
2011-Nov,Italy,-0.1
2011-Dec,Italy,0.3
2012-Jan,Italy,-1.8
2012-Feb,Italy,0.2
2012-Mar,Italy,2.5
2012-Apr,Italy,0.9
2012-May,Italy,0
2012-Jun,Italy,0.2
2012-Jul,Italy,-1.7
2012-Aug,Italy,0
2012-Sep,Italy,2.1
2012-Oct,Italy,0.3
2012-Nov,Italy,-0.3
2012-Dec,Italy,0.3
2013-Jan,Italy,-2
2013-Feb,Italy,-0.2
2013-Mar,Italy,2.3
2013-Apr,Italy,0.3
2013-May,Italy,0
2013-Jun,Italy,0.3
2013-Jul,Italy,-1.8
2013-Aug,Italy,0
2013-Sep,Italy,1.8
2013-Oct,Italy,0.1
2013-Nov,Italy,-0.3
2013-Dec,Italy,0.3
2014-Jan,Italy,-2.1
2014-Feb,Italy,-0.3
2014-Mar,Italy,2.2
2014-Apr,Italy,0.5
2014-May,Italy,-0.1
2014-Jun,Italy,0.1
2014-Jul,Italy,-2.1
2014-Aug,Italy,-0.2
2014-Sep,Italy,1.9
2014-Oct,Italy,0.3
2014-Nov,Italy,-0.2
2014-Dec,Italy,0
2005-Jan,Cyprus,-2.3
2005-Feb,Cyprus,-0.4
2005-Mar,Cyprus,0.9
2005-Apr,Cyprus,1.1
2005-May,Cyprus,0.2
2005-Jun,Cyprus,0.1
2005-Jul,Cyprus,-1.5
2005-Aug,Cyprus,0.7
2005-Sep,Cyprus,1.7
2005-Oct,Cyprus,1.1
2005-Nov,Cyprus,0.2
2005-Dec,Cyprus,-0.4
2006-Jan,Cyprus,-1.7
2006-Feb,Cyprus,-0.1
2006-Mar,Cyprus,1.2
2006-Apr,Cyprus,1
2006-May,Cyprus,0.2
2006-Jun,Cyprus,0.2
2006-Jul,Cyprus,-1.3
2006-Aug,Cyprus,0.6
2006-Sep,Cyprus,1.2
2006-Oct,Cyprus,0.5
2006-Nov,Cyprus,-0.1
2006-Dec,Cyprus,-0.3
2007-Jan,Cyprus,-1.7
2007-Feb,Cyprus,-0.3
2007-Mar,Cyprus,1.3
2007-Apr,Cyprus,1.3
2007-May,Cyprus,0.5
2007-Jun,Cyprus,0
2007-Jul,Cyprus,-0.7
2007-Aug,Cyprus,0.5
2007-Sep,Cyprus,1.3
2007-Oct,Cyprus,0.9
2007-Nov,Cyprus,0.4
2007-Dec,Cyprus,0.3
2008-Jan,Cyprus,-1.4
2008-Feb,Cyprus,0.3
2008-Mar,Cyprus,1.1
2008-Apr,Cyprus,1.2
2008-May,Cyprus,0.8
2008-Jun,Cyprus,0.5
2008-Jul,Cyprus,-0.6
2008-Aug,Cyprus,0.3
2008-Sep,Cyprus,1.2
2008-Oct,Cyprus,0.7
2008-Nov,Cyprus,-1.3
2008-Dec,Cyprus,-1
2009-Jan,Cyprus,-2.3
2009-Feb,Cyprus,0
2009-Mar,Cyprus,1.4
2009-Apr,Cyprus,0.9
2009-May,Cyprus,0.7
2009-Jun,Cyprus,0.1
2009-Jul,Cyprus,-1.4
2009-Aug,Cyprus,0.2
2009-Sep,Cyprus,0.8
2009-Oct,Cyprus,0.9
2009-Nov,Cyprus,0.7
2009-Dec,Cyprus,-0.4
2010-Jan,Cyprus,-1.4
2010-Feb,Cyprus,0.3
2010-Mar,Cyprus,0.9
2010-Apr,Cyprus,1.1
2010-May,Cyprus,0.1
2010-Jun,Cyprus,0.3
2010-Jul,Cyprus,-0.8
2010-Aug,Cyprus,0.9
2010-Sep,Cyprus,1
2010-Oct,Cyprus,0.6
2010-Nov,Cyprus,-0.7
2010-Dec,Cyprus,-0.2
2011-Jan,Cyprus,-0.4
2011-Feb,Cyprus,0.4
2011-Mar,Cyprus,1
2011-Apr,Cyprus,1.4
2011-May,Cyprus,0.6
2011-Jun,Cyprus,0.7
2011-Jul,Cyprus,-1.9
2011-Aug,Cyprus,0.2
2011-Sep,Cyprus,0.8
2011-Oct,Cyprus,1.2
2011-Nov,Cyprus,0.1
2011-Dec,Cyprus,-0.1
2012-Jan,Cyprus,-1.4
2012-Feb,Cyprus,0.4
2012-Mar,Cyprus,1.4
2012-Apr,Cyprus,1.5
2012-May,Cyprus,0.7
2012-Jun,Cyprus,-0.1
2012-Jul,Cyprus,-1
2012-Aug,Cyprus,0.9
2012-Sep,Cyprus,-0.1
2012-Oct,Cyprus,0.2
2012-Nov,Cyprus,-1
2012-Dec,Cyprus,-0.1
2013-Jan,Cyprus,-0.8
2013-Feb,Cyprus,0.2
2013-Mar,Cyprus,0.9
2013-Apr,Cyprus,0.2
2013-May,Cyprus,0.8
2013-Jun,Cyprus,0.6
2013-Jul,Cyprus,-1.1
2013-Aug,Cyprus,0.3
2013-Sep,Cyprus,0.1
2013-Oct,Cyprus,-0.6
2013-Nov,Cyprus,-1.3
2013-Dec,Cyprus,-0.6
2014-Jan,Cyprus,-1.1
2014-Feb,Cyprus,0.5
2014-Mar,Cyprus,1.3
2014-Apr,Cyprus,0.7
2014-May,Cyprus,1.1
2014-Jun,Cyprus,0.7
2014-Jul,Cyprus,-0.3
2014-Aug,Cyprus,0.1
2014-Sep,Cyprus,-0.6
2014-Oct,Cyprus,-0.3
2014-Nov,Cyprus,-1.6
2014-Dec,Cyprus,-1.5
2005-Jan,Latvia,0.6
2005-Feb,Latvia,0.9
2005-Mar,Latvia,0.6
2005-Apr,Latvia,1.1
2005-May,Latvia,0.8
2005-Jun,Latvia,0.6
2005-Jul,Latvia,0
2005-Aug,Latvia,-0.1
2005-Sep,Latvia,1.5
2005-Oct,Latvia,0.7
2005-Nov,Latvia,0.3
2005-Dec,Latvia,-0.1
2006-Jan,Latvia,1.1
2006-Feb,Latvia,0.4
2006-Mar,Latvia,0.2
2006-Apr,Latvia,0.6
2006-May,Latvia,1.6
2006-Jun,Latvia,-0.1
2006-Jul,Latvia,0.6
2006-Aug,Latvia,-0.2
2006-Sep,Latvia,0.7
2006-Oct,Latvia,0.4
2006-Nov,Latvia,1
2006-Dec,Latvia,0.3
2007-Jan,Latvia,1.4
2007-Feb,Latvia,0.5
2007-Mar,Latvia,1.4
2007-Apr,Latvia,0.9
2007-May,Latvia,0.7
2007-Jun,Latvia,0.9
2007-Jul,Latvia,1.2
2007-Aug,Latvia,0.4
2007-Sep,Latvia,1.8
2007-Oct,Latvia,2
2007-Nov,Latvia,1.4
2007-Dec,Latvia,0.6
2008-Jan,Latvia,2.8
2008-Feb,Latvia,1.3
2008-Mar,Latvia,1.4
2008-Apr,Latvia,1.6
2008-May,Latvia,1
2008-Jun,Latvia,0.7
2008-Jul,Latvia,0.4
2008-Aug,Latvia,-0.4
2008-Sep,Latvia,1.1
2008-Oct,Latvia,1
2008-Nov,Latvia,-0.5
2008-Dec,Latvia,-0.5
2009-Jan,Latvia,2.1
2009-Feb,Latvia,1.1
2009-Mar,Latvia,0.1
2009-Apr,Latvia,-0.4
2009-May,Latvia,-0.4
2009-Jun,Latvia,-0.5
2009-Jul,Latvia,-0.6
2009-Aug,Latvia,-1
2009-Sep,Latvia,-0.3
2009-Oct,Latvia,-0.3
2009-Nov,Latvia,-0.7
2009-Dec,Latvia,-0.5
2010-Jan,Latvia,0.2
2010-Feb,Latvia,0
2010-Mar,Latvia,0.5
2010-Apr,Latvia,0.9
2010-May,Latvia,0
2010-Jun,Latvia,0.4
2010-Jul,Latvia,0.2
2010-Aug,Latvia,-0.7
2010-Sep,Latvia,0.4
2010-Oct,Latvia,0.3
2010-Nov,Latvia,0.2
2010-Dec,Latvia,0.2
2011-Jan,Latvia,1.3
2011-Feb,Latvia,0.3
2011-Mar,Latvia,0.7
2011-Apr,Latvia,1.1
2011-May,Latvia,0.4
2011-Jun,Latvia,0.2
2011-Jul,Latvia,-0.2
2011-Aug,Latvia,-0.4
2011-Sep,Latvia,0.3
2011-Oct,Latvia,0.2
2011-Nov,Latvia,-0.1
2011-Dec,Latvia,0
2012-Jan,Latvia,0.8
2012-Feb,Latvia,0.2
2012-Mar,Latvia,0.6
2012-Apr,Latvia,0.7
2012-May,Latvia,0
2012-Jun,Latvia,0
2012-Jul,Latvia,-0.4
2012-Aug,Latvia,-0.4
2012-Sep,Latvia,0.4
2012-Oct,Latvia,-0.2
2012-Nov,Latvia,-0.1
2012-Dec,Latvia,0.1
2013-Jan,Latvia,-0.2
2013-Feb,Latvia,-0.1
2013-Mar,Latvia,0.5
2013-Apr,Latvia,0
2013-May,Latvia,0.3
2013-Jun,Latvia,0.4
2013-Jul,Latvia,-0.1
2013-Aug,Latvia,-1
2013-Sep,Latvia,0
2013-Oct,Latvia,0.2
2013-Nov,Latvia,-0.4
2013-Dec,Latvia,0
2014-Jan,Latvia,0.7
2014-Feb,Latvia,0
2014-Mar,Latvia,0.3
2014-Apr,Latvia,0.5
2014-May,Latvia,0.2
2014-Jun,Latvia,0.4
2014-Jul,Latvia,-0.2
2014-Aug,Latvia,-0.8
2014-Sep,Latvia,0.4
2014-Oct,Latvia,-0.2
2014-Nov,Latvia,-0.2
2014-Dec,Latvia,-0.7
2005-Jan,Lithuania,0
2005-Feb,Lithuania,0.2
2005-Mar,Lithuania,0.6
2005-Apr,Lithuania,0.3
2005-May,Lithuania,0.2
2005-Jun,Lithuania,0.2
2005-Jul,Lithuania,-0.2
2005-Aug,Lithuania,0.1
2005-Sep,Lithuania,0.8
2005-Oct,Lithuania,0.6
2005-Nov,Lithuania,0.1
2005-Dec,Lithuania,0.1
2006-Jan,Lithuania,0.5
2006-Feb,Lithuania,0
2006-Mar,Lithuania,0.2
2006-Apr,Lithuania,0.7
2006-May,Lithuania,0.4
2006-Jun,Lithuania,0.3
2006-Jul,Lithuania,0.5
2006-Aug,Lithuania,-0.1
2006-Sep,Lithuania,-0.1
2006-Oct,Lithuania,1
2006-Nov,Lithuania,0.8
2006-Dec,Lithuania,0.2
2007-Jan,Lithuania,0
2007-Feb,Lithuania,0.4
2007-Mar,Lithuania,0.6
2007-Apr,Lithuania,0.9
2007-May,Lithuania,0.5
2007-Jun,Lithuania,0.3
2007-Jul,Lithuania,0.6
2007-Aug,Lithuania,0.4
2007-Sep,Lithuania,1.4
2007-Oct,Lithuania,1.5
2007-Nov,Lithuania,1.1
2007-Dec,Lithuania,0.5
2008-Jan,Lithuania,1.7
2008-Feb,Lithuania,1.2
2008-Mar,Lithuania,1.1
2008-Apr,Lithuania,1.3
2008-May,Lithuania,0.8
2008-Jun,Lithuania,0.6
2008-Jul,Lithuania,0.4
2008-Aug,Lithuania,0.2
2008-Sep,Lithuania,0.5
2008-Oct,Lithuania,0.9
2008-Nov,Lithuania,-0.3
2008-Dec,Lithuania,-0.2
2009-Jan,Lithuania,2.6
2009-Feb,Lithuania,0.3
2009-Mar,Lithuania,0
2009-Apr,Lithuania,-0.1
2009-May,Lithuania,-0.2
2009-Jun,Lithuania,-0.3
2009-Jul,Lithuania,-0.8
2009-Aug,Lithuania,-0.2
2009-Sep,Lithuania,0.6
2009-Oct,Lithuania,-0.4
2009-Nov,Lithuania,0
2009-Dec,Lithuania,-0.3
2010-Jan,Lithuania,1.2
2010-Feb,Lithuania,-0.1
2010-Mar,Lithuania,0.3
2010-Apr,Lithuania,0.4
2010-May,Lithuania,0.2
2010-Jun,Lithuania,0
2010-Jul,Lithuania,0
2010-Aug,Lithuania,-0.2
2010-Sep,Lithuania,0.6
2010-Oct,Lithuania,0.4
2010-Nov,Lithuania,0
2010-Dec,Lithuania,0.8
2011-Jan,Lithuania,0.4
2011-Feb,Lithuania,0.1
2011-Mar,Lithuania,1
2011-Apr,Lithuania,1
2011-May,Lithuania,0.8
2011-Jun,Lithuania,-0.1
2011-Jul,Lithuania,-0.2
2011-Aug,Lithuania,-0.3
2011-Sep,Lithuania,0.8
2011-Oct,Lithuania,-0.1
2011-Nov,Lithuania,0.2
2011-Dec,Lithuania,-0.2
2012-Jan,Lithuania,0.4
2012-Feb,Lithuania,0.4
2012-Mar,Lithuania,1
2012-Apr,Lithuania,0.6
2012-May,Lithuania,0.1
2012-Jun,Lithuania,0
2012-Jul,Lithuania,0
2012-Aug,Lithuania,0.2
2012-Sep,Lithuania,0.7
2012-Oct,Lithuania,-0.2
2012-Nov,Lithuania,-0.2
2012-Dec,Lithuania,-0.1
2013-Jan,Lithuania,0.2
2013-Feb,Lithuania,-0.1
2013-Mar,Lithuania,0.3
2013-Apr,Lithuania,0.3
2013-May,Lithuania,0.2
2013-Jun,Lithuania,-0.2
2013-Jul,Lithuania,-0.7
2013-Aug,Lithuania,0.1
2013-Sep,Lithuania,0.7
2013-Oct,Lithuania,-0.2
2013-Nov,Lithuania,-0.1
2013-Dec,Lithuania,-0.2
2014-Jan,Lithuania,0
2014-Feb,Lithuania,0
2014-Mar,Lithuania,0.4
2014-Apr,Lithuania,0.3
2014-May,Lithuania,0
2014-Jun,Lithuania,0
2014-Jul,Lithuania,-0.5
2014-Aug,Lithuania,-0.1
2014-Sep,Lithuania,0.5
2014-Oct,Lithuania,0.1
2014-Nov,Lithuania,-0.1
2014-Dec,Lithuania,-0.6
2005-Jan,Luxembourg,-1
2005-Feb,Luxembourg,1.7
2005-Mar,Luxembourg,0.3
2005-Apr,Luxembourg,0.7
2005-May,Luxembourg,0.5
2005-Jun,Luxembourg,-0.1
2005-Jul,Luxembourg,-0.1
2005-Aug,Luxembourg,1.4
2005-Sep,Luxembourg,0.6
2005-Oct,Luxembourg,0.8
2005-Nov,Luxembourg,-1
2005-Dec,Luxembourg,-0.4
2006-Jan,Luxembourg,-0.4
2006-Feb,Luxembourg,1.5
2006-Mar,Luxembourg,0.2
2006-Apr,Luxembourg,0.5
2006-May,Luxembourg,0.6
2006-Jun,Luxembourg,0.3
2006-Jul,Luxembourg,-0.6
2006-Aug,Luxembourg,1.1
2006-Sep,Luxembourg,-0.6
2006-Oct,Luxembourg,-0.5
2006-Nov,Luxembourg,0.1
2006-Dec,Luxembourg,0.1
2007-Jan,Luxembourg,-0.3
2007-Feb,Luxembourg,1
2007-Mar,Luxembourg,0.7
2007-Apr,Luxembourg,0.6
2007-May,Luxembourg,0.4
2007-Jun,Luxembourg,0.2
2007-Jul,Luxembourg,-0.8
2007-Aug,Luxembourg,0.9
2007-Sep,Luxembourg,0.1
2007-Oct,Luxembourg,0.5
2007-Nov,Luxembourg,0.5
2007-Dec,Luxembourg,0.4
2008-Jan,Luxembourg,-0.4
2008-Feb,Luxembourg,1
2008-Mar,Luxembourg,0.9
2008-Apr,Luxembourg,0.5
2008-May,Luxembourg,1
2008-Jun,Luxembourg,0.7
2008-Jul,Luxembourg,-0.4
2008-Aug,Luxembourg,0
2008-Sep,Luxembourg,0.1
2008-Oct,Luxembourg,-0.4
2008-Nov,Luxembourg,-1.3
2008-Dec,Luxembourg,-0.9
2009-Jan,Luxembourg,-1.1
2009-Feb,Luxembourg,1.8
2009-Mar,Luxembourg,-0.1
2009-Apr,Luxembourg,0.5
2009-May,Luxembourg,0.3
2009-Jun,Luxembourg,0.7
2009-Jul,Luxembourg,-0.9
2009-Aug,Luxembourg,1.3
2009-Sep,Luxembourg,-0.1
2009-Oct,Luxembourg,-0.2
2009-Nov,Luxembourg,0.6
2009-Dec,Luxembourg,-0.1
2010-Jan,Luxembourg,-0.6
2010-Feb,Luxembourg,1.1
2010-Mar,Luxembourg,0.7
2010-Apr,Luxembourg,0.4
2010-May,Luxembourg,0.3
2010-Jun,Luxembourg,-0.1
2010-Jul,Luxembourg,-0.4
2010-Aug,Luxembourg,1
2010-Sep,Luxembourg,0
2010-Oct,Luxembourg,0.1
2010-Nov,Luxembourg,0.1
2010-Dec,Luxembourg,0.5
2011-Jan,Luxembourg,-0.3
2011-Feb,Luxembourg,1.5
2011-Mar,Luxembourg,0.8
2011-Apr,Luxembourg,0.4
2011-May,Luxembourg,0.1
2011-Jun,Luxembourg,-0.1
2011-Jul,Luxembourg,-0.9
2011-Aug,Luxembourg,1.4
2011-Sep,Luxembourg,0.1
2011-Oct,Luxembourg,0.1
2011-Nov,Luxembourg,0.3
2011-Dec,Luxembourg,-0.1
2012-Jan,Luxembourg,-0.5
2012-Feb,Luxembourg,1.6
2012-Mar,Luxembourg,0.5
2012-Apr,Luxembourg,0.4
2012-May,Luxembourg,-0.2
2012-Jun,Luxembourg,-0.2
2012-Jul,Luxembourg,-0.8
2012-Aug,Luxembourg,1.5
2012-Sep,Luxembourg,0.5
2012-Oct,Luxembourg,0.1
2012-Nov,Luxembourg,-0.2
2012-Dec,Luxembourg,-0.3
2013-Jan,Luxembourg,-0.9
2013-Feb,Luxembourg,1.9
2013-Mar,Luxembourg,0.1
2013-Apr,Luxembourg,0.1
2013-May,Luxembourg,-0.5
2013-Jun,Luxembourg,0.4
2013-Jul,Luxembourg,-1
2013-Aug,Luxembourg,1.4
2013-Sep,Luxembourg,0.4
2013-Oct,Luxembourg,-0.4
2013-Nov,Luxembourg,-0.1
2013-Dec,Luxembourg,0.1
2014-Jan,Luxembourg,-0.9
2014-Feb,Luxembourg,1.2
2014-Mar,Luxembourg,0
2014-Apr,Luxembourg,0.2
2014-May,Luxembourg,0.1
2014-Jun,Luxembourg,0.2
2014-Jul,Luxembourg,-1
2014-Aug,Luxembourg,0.9
2014-Sep,Luxembourg,0
2014-Oct,Luxembourg,-0.3
2014-Nov,Luxembourg,-0.4
2014-Dec,Luxembourg,-0.9
2005-Jan,Hungary,0.8
2005-Feb,Hungary,0.6
2005-Mar,Hungary,0.5
2005-Apr,Hungary,0.7
2005-May,Hungary,0.6
2005-Jun,Hungary,0.3
2005-Jul,Hungary,-0.1
2005-Aug,Hungary,-0.5
2005-Sep,Hungary,0.2
2005-Oct,Hungary,0
2005-Nov,Hungary,0.2
2005-Dec,Hungary,0
2006-Jan,Hungary,0
2006-Feb,Hungary,0.4
2006-Mar,Hungary,0.6
2006-Apr,Hungary,0.7
2006-May,Hungary,1.1
2006-Jun,Hungary,0.3
2006-Jul,Hungary,0.2
2006-Aug,Hungary,1
2006-Sep,Hungary,1.4
2006-Oct,Hungary,0.5
2006-Nov,Hungary,0.2
2006-Dec,Hungary,0.1
2007-Jan,Hungary,1.7
2007-Feb,Hungary,0.9
2007-Mar,Hungary,0.6
2007-Apr,Hungary,0.5
2007-May,Hungary,0.8
2007-Jun,Hungary,0.4
2007-Jul,Hungary,0
2007-Aug,Hungary,-0.1
2007-Sep,Hungary,0.7
2007-Oct,Hungary,0.8
2007-Nov,Hungary,0.5
2007-Dec,Hungary,0.3
2008-Jan,Hungary,1.7
2008-Feb,Hungary,0.2
2008-Mar,Hungary,0.6
2008-Apr,Hungary,0.6
2008-May,Hungary,0.9
2008-Jun,Hungary,0.1
2008-Jul,Hungary,0.3
2008-Aug,Hungary,-0.6
2008-Sep,Hungary,-0.1
2008-Oct,Hungary,0.4
2008-Nov,Hungary,-0.5
2008-Dec,Hungary,-0.4
2009-Jan,Hungary,0.7
2009-Feb,Hungary,0.8
2009-Mar,Hungary,0.5
2009-Apr,Hungary,0.9
2009-May,Hungary,1.5
2009-Jun,Hungary,0
2009-Jul,Hungary,1.4
2009-Aug,Hungary,-0.5
2009-Sep,Hungary,-0.2
2009-Oct,Hungary,-0.2
2009-Nov,Hungary,0.5
2009-Dec,Hungary,-0.2
2010-Jan,Hungary,1.5
2010-Feb,Hungary,0.2
2010-Mar,Hungary,0.6
2010-Apr,Hungary,0.9
2010-May,Hungary,0.7
2010-Jun,Hungary,0.2
2010-Jul,Hungary,0
2010-Aug,Hungary,-0.5
2010-Sep,Hungary,-0.1
2010-Oct,Hungary,0.4
2010-Nov,Hungary,0.2
2010-Dec,Hungary,0.4
2011-Jan,Hungary,0.9
2011-Feb,Hungary,0.4
2011-Mar,Hungary,1
2011-Apr,Hungary,0.7
2011-May,Hungary,0.2
2011-Jun,Hungary,-0.2
2011-Jul,Hungary,-0.3
2011-Aug,Hungary,-0.1
2011-Sep,Hungary,0
2011-Oct,Hungary,0.5
2011-Nov,Hungary,0.6
2011-Dec,Hungary,0.2
2012-Jan,Hungary,2.4
2012-Feb,Hungary,0.6
2012-Mar,Hungary,0.8
2012-Apr,Hungary,0.8
2012-May,Hungary,-0.1
2012-Jun,Hungary,0
2012-Jul,Hungary,-0.2
2012-Aug,Hungary,0.1
2012-Sep,Hungary,0.4
2012-Oct,Hungary,0.2
2012-Nov,Hungary,-0.1
2012-Dec,Hungary,0
2013-Jan,Hungary,0.2
2013-Feb,Hungary,0.6
2013-Mar,Hungary,0.3
2013-Apr,Hungary,0.3
2013-May,Hungary,-0.1
2013-Jun,Hungary,0.2
2013-Jul,Hungary,-0.4
2013-Aug,Hungary,-0.1
2013-Sep,Hungary,0.5
2013-Oct,Hungary,-0.3
2013-Nov,Hungary,-0.8
2013-Dec,Hungary,0.2
2014-Jan,Hungary,0.4
2014-Feb,Hungary,0.1
2014-Mar,Hungary,0.2
2014-Apr,Hungary,-0.1
2014-May,Hungary,0.1
2014-Jun,Hungary,0.1
2014-Jul,Hungary,0.2
2014-Aug,Hungary,-0.2
2014-Sep,Hungary,-0.4
2014-Oct,Hungary,-0.1
2014-Nov,Hungary,-0.4
2014-Dec,Hungary,-0.7
2005-Jan,Malta,-0.6
2005-Feb,Malta,0.6
2005-Mar,Malta,0.5
2005-Apr,Malta,3.6
2005-May,Malta,0.6
2005-Jun,Malta,0
2005-Jul,Malta,0.1
2005-Aug,Malta,0.3
2005-Sep,Malta,0
2005-Oct,Malta,0.9
2005-Nov,Malta,-2.7
2005-Dec,Malta,0.1
2006-Jan,Malta,-1.5
2006-Feb,Malta,0.6
2006-Mar,Malta,1.1
2006-Apr,Malta,4.2
2006-May,Malta,0.6
2006-Jun,Malta,-0.2
2006-Jul,Malta,0.4
2006-Aug,Malta,-0.3
2006-Sep,Malta,0.2
2006-Oct,Malta,-0.5
2006-Nov,Malta,-3.4
2006-Dec,Malta,-0.1
2007-Jan,Malta,-1.1
2007-Feb,Malta,0.2
2007-Mar,Malta,0.8
2007-Apr,Malta,2.5
2007-May,Malta,0.7
2007-Jun,Malta,0.2
2007-Jul,Malta,0.7
2007-Aug,Malta,0.5
2007-Sep,Malta,0.5
2007-Oct,Malta,0.1
2007-Nov,Malta,-2.2
2007-Dec,Malta,0.1
2008-Jan,Malta,-0.4
2008-Feb,Malta,0.4
2008-Mar,Malta,1.1
2008-Apr,Malta,2.3
2008-May,Malta,0.7
2008-Jun,Malta,0.5
2008-Jul,Malta,1.9
2008-Aug,Malta,0.3
2008-Sep,Malta,0
2008-Oct,Malta,0.9
2008-Nov,Malta,-3
2008-Dec,Malta,0.2
2009-Jan,Malta,-2.2
2009-Feb,Malta,0.8
2009-Mar,Malta,1.5
2009-Apr,Malta,2.3
2009-May,Malta,0.2
2009-Jun,Malta,-0.1
2009-Jul,Malta,-0.1
2009-Aug,Malta,0.6
2009-Sep,Malta,-0.2
2009-Oct,Malta,-0.4
2009-Nov,Malta,-2.6
2009-Dec,Malta,-0.2
2010-Jan,Malta,-0.5
2010-Feb,Malta,0.3
2010-Mar,Malta,1.4
2010-Apr,Malta,2.6
2010-May,Malta,1.2
2010-Jun,Malta,-0.1
2010-Jul,Malta,0.6
2010-Aug,Malta,1
2010-Sep,Malta,-0.7
2010-Oct,Malta,-0.6
2010-Nov,Malta,-1.5
2010-Dec,Malta,0.5
2011-Jan,Malta,-1.3
2011-Feb,Malta,-0.3
2011-Mar,Malta,1.5
2011-Apr,Malta,2.1
2011-May,Malta,1.3
2011-Jun,Malta,0.5
2011-Jul,Malta,-0.1
2011-Aug,Malta,1.1
2011-Sep,Malta,-0.4
2011-Oct,Malta,-0.9
2011-Nov,Malta,-2.3
2011-Dec,Malta,0.3
2012-Jan,Malta,-1.1
2012-Feb,Malta,0.6
2012-Mar,Malta,1.5
2012-Apr,Malta,3.4
2012-May,Malta,1.2
2012-Jun,Malta,1.1
2012-Jul,Malta,-0.3
2012-Aug,Malta,0.2
2012-Sep,Malta,-0.7
2012-Oct,Malta,-0.7
2012-Nov,Malta,-1.9
2012-Dec,Malta,-0.6
2013-Jan,Malta,-1.4
2013-Feb,Malta,0
2013-Mar,Malta,1.1
2013-Apr,Malta,2.9
2013-May,Malta,1.1
2013-Jun,Malta,0.8
2013-Jul,Malta,0.1
2013-Aug,Malta,-0.1
2013-Sep,Malta,-0.8
2013-Oct,Malta,-0.7
2013-Nov,Malta,-2.2
2013-Dec,Malta,0.2
2014-Jan,Malta,-1.5
2014-Feb,Malta,0.7
2014-Mar,Malta,1
2014-Apr,Malta,1.9
2014-May,Malta,1
2014-Jun,Malta,1.2
2014-Jul,Malta,0
2014-Aug,Malta,0.2
2014-Sep,Malta,-1
2014-Oct,Malta,-0.6
2014-Nov,Malta,-2.2
2014-Dec,Malta,-0.1
2005-Jan,Netherlands,0.5
2005-Feb,Netherlands,0.8
2005-Mar,Netherlands,0.8
2005-Apr,Netherlands,0.2
2005-May,Netherlands,-0.1
2005-Jun,Netherlands,-0.3
2005-Jul,Netherlands,-0.3
2005-Aug,Netherlands,0.3
2005-Sep,Netherlands,0.9
2005-Oct,Netherlands,0
2005-Nov,Netherlands,-0.3
2005-Dec,Netherlands,-0.4
2006-Jan,Netherlands,0.2
2006-Feb,Netherlands,0.5
2006-Mar,Netherlands,0.8
2006-Apr,Netherlands,0.5
2006-May,Netherlands,0
2006-Jun,Netherlands,-0.3
2006-Jul,Netherlands,-0.4
2006-Aug,Netherlands,0.5
2006-Sep,Netherlands,0.5
2006-Oct,Netherlands,-0.2
2006-Nov,Netherlands,0
2006-Dec,Netherlands,-0.3
2007-Jan,Netherlands,-0.2
2007-Feb,Netherlands,0.7
2007-Mar,Netherlands,1.3
2007-Apr,Netherlands,0.6
2007-May,Netherlands,0
2007-Jun,Netherlands,-0.5
2007-Jul,Netherlands,-0.8
2007-Aug,Netherlands,0.1
2007-Sep,Netherlands,0.7
2007-Oct,Netherlands,0.2
2007-Nov,Netherlands,0.2
2007-Dec,Netherlands,-0.5
2008-Jan,Netherlands,0
2008-Feb,Netherlands,0.9
2008-Mar,Netherlands,1.2
2008-Apr,Netherlands,0.4
2008-May,Netherlands,0.4
2008-Jun,Netherlands,-0.3
2008-Jul,Netherlands,-0.1
2008-Aug,Netherlands,0.1
2008-Sep,Netherlands,0.5
2008-Oct,Netherlands,-0.2
2008-Nov,Netherlands,-0.4
2008-Dec,Netherlands,-0.8
2009-Jan,Netherlands,0
2009-Feb,Netherlands,1
2009-Mar,Netherlands,1.2
2009-Apr,Netherlands,0.3
2009-May,Netherlands,0.1
2009-Jun,Netherlands,-0.4
2009-Jul,Netherlands,-1.6
2009-Aug,Netherlands,0.2
2009-Sep,Netherlands,0.5
2009-Oct,Netherlands,0.3
2009-Nov,Netherlands,-0.1
2009-Dec,Netherlands,-0.7
2010-Jan,Netherlands,-0.3
2010-Feb,Netherlands,0.9
2010-Mar,Netherlands,1.5
2010-Apr,Netherlands,0.3
2010-May,Netherlands,-0.1
2010-Jun,Netherlands,-0.7
2010-Jul,Netherlands,-0.6
2010-Aug,Netherlands,0.1
2010-Sep,Netherlands,0.7
2010-Oct,Netherlands,0.2
2010-Nov,Netherlands,-0.1
2010-Dec,Netherlands,-0.3
2011-Jan,Netherlands,-0.2
2011-Feb,Netherlands,1
2011-Mar,Netherlands,1.4
2011-Apr,Netherlands,0.6
2011-May,Netherlands,0.1
2011-Jun,Netherlands,-0.6
2011-Jul,Netherlands,0.3
2011-Aug,Netherlands,0.1
2011-Sep,Netherlands,0.5
2011-Oct,Netherlands,0.1
2011-Nov,Netherlands,-0.4
2011-Dec,Netherlands,-0.3
2012-Jan,Netherlands,0.1
2012-Feb,Netherlands,1
2012-Mar,Netherlands,1.4
2012-Apr,Netherlands,0.5
2012-May,Netherlands,-0.2
2012-Jun,Netherlands,-0.6
2012-Jul,Netherlands,0.4
2012-Aug,Netherlands,0.1
2012-Sep,Netherlands,0.5
2012-Oct,Netherlands,0.8
2012-Nov,Netherlands,-0.5
2012-Dec,Netherlands,-0.1
2013-Jan,Netherlands,0
2013-Feb,Netherlands,1
2013-Mar,Netherlands,1.3
2013-Apr,Netherlands,0.1
2013-May,Netherlands,0
2013-Jun,Netherlands,-0.5
2013-Jul,Netherlands,0.4
2013-Aug,Netherlands,-0.2
2013-Sep,Netherlands,0.1
2013-Oct,Netherlands,-0.3
2013-Nov,Netherlands,-0.6
2013-Dec,Netherlands,0.1
2014-Jan,Netherlands,-0.6
2014-Feb,Netherlands,0.6
2014-Mar,Netherlands,1.1
2014-Apr,Netherlands,0.6
2014-May,Netherlands,-0.5
2014-Jun,Netherlands,-0.4
2014-Jul,Netherlands,0.3
2014-Aug,Netherlands,-0.1
2014-Sep,Netherlands,0
2014-Oct,Netherlands,-0.1
2014-Nov,Netherlands,-0.7
2014-Dec,Netherlands,-0.2
2005-Jan,Austria,0
2005-Feb,Austria,0.4
2005-Mar,Austria,0.4
2005-Apr,Austria,-0.2
2005-May,Austria,0
2005-Jun,Austria,0.3
2005-Jul,Austria,-0.3
2005-Aug,Austria,0.2
2005-Sep,Austria,0.6
2005-Oct,Austria,0
2005-Nov,Austria,-0.2
2005-Dec,Austria,0.3
2006-Jan,Austria,-0.1
2006-Feb,Austria,0.3
2006-Mar,Austria,0.3
2006-Apr,Austria,0.6
2006-May,Austria,0
2006-Jun,Austria,0
2006-Jul,Austria,-0.2
2006-Aug,Austria,0.3
2006-Sep,Austria,-0.1
2006-Oct,Austria,-0.1
2006-Nov,Austria,0.1
2006-Dec,Austria,0.4
2007-Jan,Austria,0.1
2007-Feb,Austria,0.3
2007-Mar,Austria,0.5
2007-Apr,Austria,0.4
2007-May,Austria,0.2
2007-Jun,Austria,0
2007-Jul,Austria,-0.1
2007-Aug,Austria,0
2007-Sep,Austria,0.2
2007-Oct,Austria,0.7
2007-Nov,Austria,0.5
2007-Dec,Austria,0.6
2008-Jan,Austria,-0.3
2008-Feb,Austria,0.3
2008-Mar,Austria,0.9
2008-Apr,Austria,0.3
2008-May,Austria,0.5
2008-Jun,Austria,0.3
2008-Jul,Austria,-0.3
2008-Aug,Austria,-0.2
2008-Sep,Austria,0.4
2008-Oct,Austria,0
2008-Nov,Austria,-0.3
2008-Dec,Austria,-0.2
2009-Jan,Austria,-0.6
2009-Feb,Austria,0.5
2009-Mar,Austria,0.2
2009-Apr,Austria,0.2
2009-May,Austria,0.1
2009-Jun,Austria,-0.1
2009-Jul,Austria,-0.4
2009-Aug,Austria,0.4
2009-Sep,Austria,0.2
2009-Oct,Austria,0.1
2009-Nov,Austria,0.2
2009-Dec,Austria,0.3
2010-Jan,Austria,-0.4
2010-Feb,Austria,0.2
2010-Mar,Austria,1
2010-Apr,Austria,0.2
2010-May,Austria,-0.1
2010-Jun,Austria,0
2010-Jul,Austria,-0.5
2010-Aug,Austria,0.3
2010-Sep,Austria,0.4
2010-Oct,Austria,0.4
2010-Nov,Austria,0
2010-Dec,Austria,0.7
2011-Jan,Austria,-0.1
2011-Feb,Austria,0.8
2011-Mar,Austria,1.2
2011-Apr,Austria,0.6
2011-May,Austria,-0.1
2011-Jun,Austria,0
2011-Jul,Austria,-0.4
2011-Aug,Austria,0.2
2011-Sep,Austria,0.6
2011-Oct,Austria,0.2
2011-Nov,Austria,0.1
2011-Dec,Austria,0.2
2012-Jan,Austria,-0.5
2012-Feb,Austria,0.5
2012-Mar,Austria,1.2
2012-Apr,Austria,0.3
2012-May,Austria,-0.2
2012-Jun,Austria,0
2012-Jul,Austria,-0.5
2012-Aug,Austria,0.4
2012-Sep,Austria,1.1
2012-Oct,Austria,0.3
2012-Nov,Austria,0.1
2012-Dec,Austria,0.2
2013-Jan,Austria,-0.6
2013-Feb,Austria,0.3
2013-Mar,Austria,1
2013-Apr,Austria,0
2013-May,Austria,0.1
2013-Jun,Austria,-0.2
2013-Jul,Austria,-0.6
2013-Aug,Austria,0.2
2013-Sep,Austria,1
2013-Oct,Austria,0
2013-Nov,Austria,0
2013-Dec,Austria,0.8
2014-Jan,Austria,-1.1
2014-Feb,Austria,0.3
2014-Mar,Austria,0.9
2014-Apr,Austria,0.1
2014-May,Austria,0.1
2014-Jun,Austria,0
2014-Jul,Austria,-0.7
2014-Aug,Austria,0
2014-Sep,Austria,0.9
2014-Oct,Austria,0
2014-Nov,Austria,0.1
2014-Dec,Austria,0
2005-Jan,Poland,0
2005-Feb,Poland,0
2005-Mar,Poland,0.1
2005-Apr,Poland,0.4
2005-May,Poland,0.2
2005-Jun,Poland,-0.1
2005-Jul,Poland,0
2005-Aug,Poland,0
2005-Sep,Poland,0.4
2005-Oct,Poland,0.3
2005-Nov,Poland,-0.2
2005-Dec,Poland,-0.3
2006-Jan,Poland,0.1
2006-Feb,Poland,0
2006-Mar,Poland,0.1
2006-Apr,Poland,0.7
2006-May,Poland,0.5
2006-Jun,Poland,-0.1
2006-Jul,Poland,-0.1
2006-Aug,Poland,0.3
2006-Sep,Poland,0.1
2006-Oct,Poland,0
2006-Nov,Poland,0
2006-Dec,Poland,-0.2
2007-Jan,Poland,0.3
2007-Feb,Poland,0.3
2007-Mar,Poland,0.6
2007-Apr,Poland,0.5
2007-May,Poland,0.6
2007-Jun,Poland,0.2
2007-Jul,Poland,-0.2
2007-Aug,Poland,-0.1
2007-Sep,Poland,0.7
2007-Oct,Poland,0.5
2007-Nov,Poland,0.6
2007-Dec,Poland,0.3
2008-Jan,Poland,0.5
2008-Feb,Poland,0.5
2008-Mar,Poland,0.4
2008-Apr,Poland,0.4
2008-May,Poland,0.6
2008-Jun,Poland,0.2
2008-Jul,Poland,0
2008-Aug,Poland,-0.2
2008-Sep,Poland,0.4
2008-Oct,Poland,0.4
2008-Nov,Poland,0.2
2008-Dec,Poland,0
2009-Jan,Poland,0.4
2009-Feb,Poland,0.8
2009-Mar,Poland,0.8
2009-Apr,Poland,0.6
2009-May,Poland,0.6
2009-Jun,Poland,0.2
2009-Jul,Poland,0.3
2009-Aug,Poland,-0.4
2009-Sep,Poland,0
2009-Oct,Poland,0.2
2009-Nov,Poland,0.3
2009-Dec,Poland,0
2010-Jan,Poland,0.4
2010-Feb,Poland,0.4
2010-Mar,Poland,0.3
2010-Apr,Poland,0.4
2010-May,Poland,0.3
2010-Jun,Poland,0.3
2010-Jul,Poland,-0.2
2010-Aug,Poland,-0.3
2010-Sep,Poland,0.5
2010-Oct,Poland,0.3
2010-Nov,Poland,0.2
2010-Dec,Poland,0.3
2011-Jan,Poland,1
2011-Feb,Poland,0.2
2011-Mar,Poland,0.9
2011-Apr,Poland,0.5
2011-May,Poland,0.5
2011-Jun,Poland,-0.3
2011-Jul,Poland,-0.2
2011-Aug,Poland,0
2011-Sep,Poland,0
2011-Oct,Poland,0.7
2011-Nov,Poland,0.7
2011-Dec,Poland,0.5
2012-Jan,Poland,0.7
2012-Feb,Poland,0.4
2012-Mar,Poland,0.5
2012-Apr,Poland,0.6
2012-May,Poland,0.2
2012-Jun,Poland,0.2
2012-Jul,Poland,-0.5
2012-Aug,Poland,-0.2
2012-Sep,Poland,0.1
2012-Oct,Poland,0.2
2012-Nov,Poland,0.1
2012-Dec,Poland,0
2013-Jan,Poland,0.1
2013-Feb,Poland,0
2013-Mar,Poland,0.3
2013-Apr,Poland,0.3
2013-May,Poland,-0.2
2013-Jun,Poland,0
2013-Jul,Poland,0.2
2013-Aug,Poland,-0.2
2013-Sep,Poland,0.1
2013-Oct,Poland,0.1
2013-Nov,Poland,-0.2
2013-Dec,Poland,0.1
2014-Jan,Poland,0.1
2014-Feb,Poland,0.2
2014-Mar,Poland,0.2
2014-Apr,Poland,0.1
2014-May,Poland,-0.2
2014-Jun,Poland,0
2014-Jul,Poland,-0.2
2014-Aug,Poland,-0.3
2014-Sep,Poland,-0.1
2014-Oct,Poland,0
2014-Nov,Poland,-0.2
2014-Dec,Poland,-0.2
2005-Jan,Portugal,-0.6
2005-Feb,Portugal,-0.1
2005-Mar,Portugal,0.4
2005-Apr,Portugal,0.7
2005-May,Portugal,0.6
2005-Jun,Portugal,0.1
2005-Jul,Portugal,0.4
2005-Aug,Portugal,0.2
2005-Sep,Portugal,0.2
2005-Oct,Portugal,0.4
2005-Nov,Portugal,0.2
2005-Dec,Portugal,0.1
2006-Jan,Portugal,-0.4
2006-Feb,Portugal,0.2
2006-Mar,Portugal,1.2
2006-Apr,Portugal,0.6
2006-May,Portugal,0.5
2006-Jun,Portugal,0
2006-Jul,Portugal,-0.1
2006-Aug,Portugal,-0.1
2006-Sep,Portugal,0.4
2006-Oct,Portugal,0
2006-Nov,Portugal,0
2006-Dec,Portugal,0.2
2007-Jan,Portugal,-0.3
2007-Feb,Portugal,0
2007-Mar,Portugal,1.3
2007-Apr,Portugal,0.9
2007-May,Portugal,0.2
2007-Jun,Portugal,0
2007-Jul,Portugal,-0.2
2007-Aug,Portugal,-0.4
2007-Sep,Portugal,0.4
2007-Oct,Portugal,0.5
2007-Nov,Portugal,0.3
2007-Dec,Portugal,0.1
2008-Jan,Portugal,-0.1
2008-Feb,Portugal,0
2008-Mar,Portugal,1.5
2008-Apr,Portugal,0.3
2008-May,Portugal,0.5
2008-Jun,Portugal,0.5
2008-Jul,Portugal,-0.5
2008-Aug,Portugal,-0.4
2008-Sep,Portugal,0.5
2008-Oct,Portugal,-0.2
2008-Nov,Portugal,-0.7
2008-Dec,Portugal,-0.5
2009-Jan,Portugal,-0.9
2009-Feb,Portugal,0
2009-Mar,Portugal,0.8
2009-Apr,Portugal,0.4
2009-May,Portugal,-0.2
2009-Jun,Portugal,0.2
2009-Jul,Portugal,-0.4
2009-Aug,Portugal,-0.2
2009-Sep,Portugal,-0.1
2009-Oct,Portugal,0
2009-Nov,Portugal,0.1
2009-Dec,Portugal,0.2
2010-Jan,Portugal,-0.6
2010-Feb,Portugal,0
2010-Mar,Portugal,1.2
2010-Apr,Portugal,0.4
2010-May,Portugal,0.2
2010-Jun,Portugal,0.2
2010-Jul,Portugal,0.4
2010-Aug,Portugal,-0.1
2010-Sep,Portugal,-0.1
2010-Oct,Portugal,0.3
2010-Nov,Portugal,0.1
2010-Dec,Portugal,0.4
2011-Jan,Portugal,0.5
2011-Feb,Portugal,-0.1
2011-Mar,Portugal,1.6
2011-Apr,Portugal,0.6
2011-May,Portugal,-0.1
2011-Jun,Portugal,-0.2
2011-Jul,Portugal,0.1
2011-Aug,Portugal,-0.4
2011-Sep,Portugal,0.6
2011-Oct,Portugal,0.9
2011-Nov,Portugal,-0.1
2011-Dec,Portugal,0.1
2012-Jan,Portugal,0.3
2012-Feb,Portugal,0.1
2012-Mar,Portugal,1.2
2012-Apr,Portugal,0.3
2012-May,Portugal,-0.3
2012-Jun,Portugal,-0.2
2012-Jul,Portugal,0.2
2012-Aug,Portugal,-0.1
2012-Sep,Portugal,0.4
2012-Oct,Portugal,0.1
2012-Nov,Portugal,-0.4
2012-Dec,Portugal,0.2
2013-Jan,Portugal,-1.3
2013-Feb,Portugal,-0.1
2013-Mar,Portugal,1.7
2013-Apr,Portugal,0.1
2013-May,Portugal,0.2
2013-Jun,Portugal,0.1
2013-Jul,Portugal,-0.2
2013-Aug,Portugal,-0.7
2013-Sep,Portugal,0.5
2013-Oct,Portugal,-0.1
2013-Nov,Portugal,-0.3
2013-Dec,Portugal,0.3
2014-Jan,Portugal,-1.4
2014-Feb,Portugal,-0.3
2014-Mar,Portugal,1.4
2014-Apr,Portugal,0.3
2014-May,Portugal,0.1
2014-Jun,Portugal,0.1
2014-Jul,Portugal,-0.6
2014-Aug,Portugal,-0.1
2014-Sep,Portugal,0.5
2014-Oct,Portugal,0
2014-Nov,Portugal,-0.4
2014-Dec,Portugal,0
2005-Jan,Romania,0.8
2005-Feb,Romania,0.6
2005-Mar,Romania,0.3
2005-Apr,Romania,1.8
2005-May,Romania,0.3
2005-Jun,Romania,0.3
2005-Jul,Romania,1
2005-Aug,Romania,0.1
2005-Sep,Romania,0.6
2005-Oct,Romania,0.9
2005-Nov,Romania,1.2
2005-Dec,Romania,0.6
2006-Jan,Romania,1
2006-Feb,Romania,0.2
2006-Mar,Romania,0.2
2006-Apr,Romania,0.4
2006-May,Romania,0.6
2006-Jun,Romania,0.2
2006-Jul,Romania,0.1
2006-Aug,Romania,-0.1
2006-Sep,Romania,0.1
2006-Oct,Romania,0.2
2006-Nov,Romania,1.1
2006-Dec,Romania,0.7
2007-Jan,Romania,0.2
2007-Feb,Romania,0
2007-Mar,Romania,0.1
2007-Apr,Romania,0.5
2007-May,Romania,0.6
2007-Jun,Romania,0.2
2007-Jul,Romania,0.3
2007-Aug,Romania,0.9
2007-Sep,Romania,1.1
2007-Oct,Romania,1
2007-Nov,Romania,0.9
2007-Dec,Romania,0.6
2008-Jan,Romania,0.9
2008-Feb,Romania,0.7
2008-Mar,Romania,0.7
2008-Apr,Romania,0.5
2008-May,Romania,0.5
2008-Jun,Romania,0.3
2008-Jul,Romania,0.7
2008-Aug,Romania,-0.1
2008-Sep,Romania,0.4
2008-Oct,Romania,1.1
2008-Nov,Romania,0.3
2008-Dec,Romania,0.2
2009-Jan,Romania,1.2
2009-Feb,Romania,0.8
2009-Mar,Romania,0.5
2009-Apr,Romania,0.3
2009-May,Romania,0
2009-Jun,Romania,0.2
2009-Jul,Romania,-0.1
2009-Aug,Romania,-0.2
2009-Sep,Romania,0.4
2009-Oct,Romania,0.4
2009-Nov,Romania,0.7
2009-Dec,Romania,0.3
2010-Jan,Romania,1.7
2010-Feb,Romania,0.2
2010-Mar,Romania,0.2
2010-Apr,Romania,0.3
2010-May,Romania,0.1
2010-Jun,Romania,0.2
2010-Jul,Romania,2.6
2010-Aug,Romania,0.2
2010-Sep,Romania,0.6
2010-Oct,Romania,0.6
2010-Nov,Romania,0.5
2010-Dec,Romania,0.5
2011-Jan,Romania,0.8
2011-Feb,Romania,0.8
2011-Mar,Romania,0.6
2011-Apr,Romania,0.7
2011-May,Romania,0.2
2011-Jun,Romania,-0.3
2011-Jul,Romania,-0.4
2011-Aug,Romania,-0.3
2011-Sep,Romania,-0.2
2011-Oct,Romania,0.6
2011-Nov,Romania,0.4
2011-Dec,Romania,0.2
2012-Jan,Romania,0.4
2012-Feb,Romania,0.7
2012-Mar,Romania,0.5
2012-Apr,Romania,0.1
2012-May,Romania,0.3
2012-Jun,Romania,-0.1
2012-Jul,Romania,0.5
2012-Aug,Romania,0.5
2012-Sep,Romania,1.1
2012-Oct,Romania,0.2
2012-Nov,Romania,-0.1
2012-Dec,Romania,0.3
2013-Jan,Romania,0.9
2013-Feb,Romania,0.4
2013-Mar,Romania,0.1
2013-Apr,Romania,0
2013-May,Romania,0.3
2013-Jun,Romania,0
2013-Jul,Romania,-0.5
2013-Aug,Romania,-0.2
2013-Sep,Romania,-0.4
2013-Oct,Romania,0.3
2013-Nov,Romania,0
2013-Dec,Romania,0.4
2014-Jan,Romania,0.8
2014-Feb,Romania,0.5
2014-Mar,Romania,0.1
2014-Apr,Romania,0.3
2014-May,Romania,0
2014-Jun,Romania,-0.3
2014-Jul,Romania,0
2014-Aug,Romania,-0.4
2014-Sep,Romania,0.1
2014-Oct,Romania,0.2
2014-Nov,Romania,-0.2
2014-Dec,Romania,-0.1
2005-Jan,Slovenia,-0.5
2005-Feb,Slovenia,0.7
2005-Mar,Slovenia,1
2005-Apr,Slovenia,0.1
2005-May,Slovenia,0.3
2005-Jun,Slovenia,0.1
2005-Jul,Slovenia,0.8
2005-Aug,Slovenia,-0.5
2005-Sep,Slovenia,1
2005-Oct,Slovenia,0.2
2005-Nov,Slovenia,-0.6
2005-Dec,Slovenia,-0.1
2006-Jan,Slovenia,-0.3
2006-Feb,Slovenia,0.4
2006-Mar,Slovenia,0.7
2006-Apr,Slovenia,0.9
2006-May,Slovenia,0.9
2006-Jun,Slovenia,-0.3
2006-Jul,Slovenia,-0.3
2006-Aug,Slovenia,0.7
2006-Sep,Slovenia,0.3
2006-Oct,Slovenia,-0.7
2006-Nov,Slovenia,0.3
2006-Dec,Slovenia,0.4
2007-Jan,Slovenia,-0.5
2007-Feb,Slovenia,-0.1
2007-Mar,Slovenia,1.1
2007-Apr,Slovenia,1.1
2007-May,Slovenia,1.1
2007-Jun,Slovenia,0.3
2007-Jul,Slovenia,-0.1
2007-Aug,Slovenia,0.1
2007-Sep,Slovenia,0.4
2007-Oct,Slovenia,0.7
2007-Nov,Slovenia,0.9
2007-Dec,Slovenia,0.4
2008-Jan,Slovenia,0.1
2008-Feb,Slovenia,-0.1
2008-Mar,Slovenia,1.3
2008-Apr,Slovenia,0.7
2008-May,Slovenia,1.2
2008-Jun,Slovenia,0.9
2008-Jul,Slovenia,0
2008-Aug,Slovenia,-0.7
2008-Sep,Slovenia,0
2008-Oct,Slovenia,0
2008-Nov,Slovenia,-0.9
2008-Dec,Slovenia,-0.7
2009-Jan,Slovenia,-0.3
2009-Feb,Slovenia,0.6
2009-Mar,Slovenia,0.8
2009-Apr,Slovenia,0.2
2009-May,Slovenia,0.6
2009-Jun,Slovenia,0.5
2009-Jul,Slovenia,-0.8
2009-Aug,Slovenia,0.1
2009-Sep,Slovenia,-0.1
2009-Oct,Slovenia,0.1
2009-Nov,Slovenia,0.8
2009-Dec,Slovenia,-0.4
2010-Jan,Slovenia,-0.6
2010-Feb,Slovenia,0.3
2010-Mar,Slovenia,1
2010-Apr,Slovenia,1.1
2010-May,Slovenia,0.4
2010-Jun,Slovenia,0.2
2010-Jul,Slovenia,-0.6
2010-Aug,Slovenia,0.1
2010-Sep,Slovenia,-0.4
2010-Oct,Slovenia,0.1
2010-Nov,Slovenia,0.3
2010-Dec,Slovenia,0.1
2011-Jan,Slovenia,-0.4
2011-Feb,Slovenia,0
2011-Mar,Slovenia,1.4
2011-Apr,Slovenia,0.7
2011-May,Slovenia,0.8
2011-Jun,Slovenia,-0.6
2011-Jul,Slovenia,-1.1
2011-Aug,Slovenia,0.3
2011-Sep,Slovenia,0.6
2011-Oct,Slovenia,0.8
2011-Nov,Slovenia,0.2
2011-Dec,Slovenia,-0.5
2012-Jan,Slovenia,-0.3
2012-Feb,Slovenia,0.6
2012-Mar,Slovenia,1
2012-Apr,Slovenia,1.2
2012-May,Slovenia,0.3
2012-Jun,Slovenia,-0.6
2012-Jul,Slovenia,-0.8
2012-Aug,Slovenia,0.8
2012-Sep,Slovenia,1.2
2012-Oct,Slovenia,0.3
2012-Nov,Slovenia,-0.2
2012-Dec,Slovenia,-0.2
2013-Jan,Slovenia,-0.6
2013-Feb,Slovenia,0.7
2013-Mar,Slovenia,0.3
2013-Apr,Slovenia,0.6
2013-May,Slovenia,0.3
2013-Jun,Slovenia,0
2013-Jul,Slovenia,-0.3
2013-Aug,Slovenia,0.2
2013-Sep,Slovenia,0.4
2013-Oct,Slovenia,0
2013-Nov,Slovenia,-0.1
2013-Dec,Slovenia,-0.5
2014-Jan,Slovenia,-0.6
2014-Feb,Slovenia,0
2014-Mar,Slovenia,0.7
2014-Apr,Slovenia,0.5
2014-May,Slovenia,0.7
2014-Jun,Slovenia,0.1
2014-Jul,Slovenia,-1
2014-Aug,Slovenia,-0.1
2014-Sep,Slovenia,0.3
2014-Oct,Slovenia,0.1
2014-Nov,Slovenia,-0.1
2014-Dec,Slovenia,-0.7
2005-Jan,Slovakia,1.7
2005-Feb,Slovakia,0.1
2005-Mar,Slovakia,0
2005-Apr,Slovakia,0.2
2005-May,Slovakia,0.1
2005-Jun,Slovakia,0.4
2005-Jul,Slovakia,-0.3
2005-Aug,Slovakia,-0.1
2005-Sep,Slovakia,0.3
2005-Oct,Slovakia,1.3
2005-Nov,Slovakia,0
2005-Dec,Slovakia,0.1
2006-Jan,Slovakia,1.9
2006-Feb,Slovakia,0.3
2006-Mar,Slovakia,0
2006-Apr,Slovakia,0.3
2006-May,Slovakia,0.5
2006-Jun,Slovakia,0.1
2006-Jul,Slovakia,0.1
2006-Aug,Slovakia,-0.1
2006-Sep,Slovakia,-0.2
2006-Oct,Slovakia,0
2006-Nov,Slovakia,0.5
2006-Dec,Slovakia,0.1
2007-Jan,Slovakia,0.5
2007-Feb,Slovakia,0.1
2007-Mar,Slovakia,0.1
2007-Apr,Slovakia,0.3
2007-May,Slovakia,0
2007-Jun,Slovakia,0.1
2007-Jul,Slovakia,-0.1
2007-Aug,Slovakia,-0.1
2007-Sep,Slovakia,0.3
2007-Oct,Slovakia,0.7
2007-Nov,Slovakia,0.4
2007-Dec,Slovakia,0.3
2008-Jan,Slovakia,1.2
2008-Feb,Slovakia,0.3
2008-Mar,Slovakia,0.3
2008-Apr,Slovakia,0.3
2008-May,Slovakia,0.4
2008-Jun,Slovakia,0.4
2008-Jul,Slovakia,0
2008-Aug,Slovakia,-0.1
2008-Sep,Slovakia,0.4
2008-Oct,Slovakia,0.3
2008-Nov,Slovakia,0.1
2008-Dec,Slovakia,-0.1
2009-Jan,Slovakia,0.3
2009-Feb,Slovakia,0
2009-Mar,Slovakia,-0.3
2009-Apr,Slovakia,-0.1
2009-May,Slovakia,0.1
2009-Jun,Slovakia,0
2009-Jul,Slovakia,-0.1
2009-Aug,Slovakia,-0.2
2009-Sep,Slovakia,-0.1
2009-Oct,Slovakia,0.2
2009-Nov,Slovakia,0.3
2009-Dec,Slovakia,-0.1
2010-Jan,Slovakia,0.1
2010-Feb,Slovakia,0
2010-Mar,Slovakia,0.1
2010-Apr,Slovakia,0.4
2010-May,Slovakia,0.1
2010-Jun,Slovakia,0
2010-Jul,Slovakia,0.1
2010-Aug,Slovakia,-0.1
2010-Sep,Slovakia,0
2010-Oct,Slovakia,0
2010-Nov,Slovakia,0.3
2010-Dec,Slovakia,0.2
2011-Jan,Slovakia,2.1
2011-Feb,Slovakia,0.3
2011-Mar,Slovakia,0.4
2011-Apr,Slovakia,0.5
2011-May,Slovakia,0.3
2011-Jun,Slovakia,-0.1
2011-Jul,Slovakia,-0.2
2011-Aug,Slovakia,0.1
2011-Sep,Slovakia,0.3
2011-Oct,Slovakia,0.2
2011-Nov,Slovakia,0.5
2011-Dec,Slovakia,0.1
2012-Jan,Slovakia,1.5
2012-Feb,Slovakia,0.2
2012-Mar,Slovakia,0.3
2012-Apr,Slovakia,0.2
2012-May,Slovakia,0.1
2012-Jun,Slovakia,0.2
2012-Jul,Slovakia,0
2012-Aug,Slovakia,0
2012-Sep,Slovakia,0.3
2012-Oct,Slovakia,0.4
2012-Nov,Slovakia,0.1
2012-Dec,Slovakia,-0.1
2013-Jan,Slovakia,0.7
2013-Feb,Slovakia,0
2013-Mar,Slovakia,0
2013-Apr,Slovakia,0
2013-May,Slovakia,0.1
2013-Jun,Slovakia,0.2
2013-Jul,Slovakia,-0.1
2013-Aug,Slovakia,-0.2
2013-Sep,Slovakia,0
2013-Oct,Slovakia,0
2013-Nov,Slovakia,-0.2
2013-Dec,Slovakia,-0.2
2014-Jan,Slovakia,0.3
2014-Feb,Slovakia,-0.1
2014-Mar,Slovakia,0
2014-Apr,Slovakia,0
2014-May,Slovakia,0.3
2014-Jun,Slovakia,0.1
2014-Jul,Slovakia,-0.2
2014-Aug,Slovakia,-0.2
2014-Sep,Slovakia,0.1
2014-Oct,Slovakia,0.1
2014-Nov,Slovakia,-0.2
2014-Dec,Slovakia,-0.3
2005-Jan,Finland,-0.5
2005-Feb,Finland,0.6
2005-Mar,Finland,0.4
2005-Apr,Finland,0.3
2005-May,Finland,-0.3
2005-Jun,Finland,0.3
2005-Jul,Finland,-0.3
2005-Aug,Finland,0.4
2005-Sep,Finland,0.6
2005-Oct,Finland,0
2005-Nov,Finland,-0.3
2005-Dec,Finland,0.1
2006-Jan,Finland,-0.4
2006-Feb,Finland,0.8
2006-Mar,Finland,0.3
2006-Apr,Finland,0.5
2006-May,Finland,-0.1
2006-Jun,Finland,0
2006-Jul,Finland,-0.5
2006-Aug,Finland,0.3
2006-Sep,Finland,0.1
2006-Oct,Finland,0.1
2006-Nov,Finland,0
2006-Dec,Finland,0
2007-Jan,Finland,-0.3
2007-Feb,Finland,0.6
2007-Mar,Finland,0.7
2007-Apr,Finland,0.5
2007-May,Finland,-0.3
2007-Jun,Finland,0.1
2007-Jul,Finland,-0.3
2007-Aug,Finland,0
2007-Sep,Finland,0.4
2007-Oct,Finland,0.3
2007-Nov,Finland,0.3
2007-Dec,Finland,-0.2
2008-Jan,Finland,1.2
2008-Feb,Finland,0.5
2008-Mar,Finland,1
2008-Apr,Finland,0.2
2008-May,Finland,0.5
2008-Jun,Finland,0.3
2008-Jul,Finland,-0.3
2008-Aug,Finland,0.3
2008-Sep,Finland,0.6
2008-Oct,Finland,0
2008-Nov,Finland,-0.5
2008-Dec,Finland,-0.3
2009-Jan,Finland,0.3
2009-Feb,Finland,0.7
2009-Mar,Finland,0.4
2009-Apr,Finland,0.2
2009-May,Finland,-0.1
2009-Jun,Finland,0.4
2009-Jul,Finland,-0.7
2009-Aug,Finland,0.4
2009-Sep,Finland,0.3
2009-Oct,Finland,-0.5
2009-Nov,Finland,0.2
2009-Dec,Finland,0.2
2010-Jan,Finland,0.1
2010-Feb,Finland,0.4
2010-Mar,Finland,0.6
2010-Apr,Finland,0.3
2010-May,Finland,-0.2
2010-Jun,Finland,0.2
2010-Jul,Finland,-0.6
2010-Aug,Finland,0.4
2010-Sep,Finland,0.4
2010-Oct,Finland,0.4
2010-Nov,Finland,0.2
2010-Dec,Finland,0.5
2011-Jan,Finland,0.4
2011-Feb,Finland,0.8
2011-Mar,Finland,0.6
2011-Apr,Finland,0.2
2011-May,Finland,-0.1
2011-Jun,Finland,0.3
2011-Jul,Finland,-0.4
2011-Aug,Finland,0.2
2011-Sep,Finland,0.4
2011-Oct,Finland,0.2
2011-Nov,Finland,0.2
2011-Dec,Finland,0
2012-Jan,Finland,0.8
2012-Feb,Finland,0.8
2012-Mar,Finland,0.5
2012-Apr,Finland,0.2
2012-May,Finland,-0.1
2012-Jun,Finland,0.1
2012-Jul,Finland,-0.3
2012-Aug,Finland,0.4
2012-Sep,Finland,0.6
2012-Oct,Finland,0.2
2012-Nov,Finland,-0.1
2012-Dec,Finland,0.2
2013-Jan,Finland,0
2013-Feb,Finland,0.6
2013-Mar,Finland,0.5
2013-Apr,Finland,0.2
2013-May,Finland,0
2013-Jun,Finland,-0.1
2013-Jul,Finland,0
2013-Aug,Finland,-0.1
2013-Sep,Finland,0.4
2013-Oct,Finland,0.1
2013-Nov,Finland,0
2013-Dec,Finland,0.4
2014-Jan,Finland,-0.1
2014-Feb,Finland,0.3
2014-Mar,Finland,0.3
2014-Apr,Finland,0.1
2014-May,Finland,-0.3
2014-Jun,Finland,0
2014-Jul,Finland,-0.1
2014-Aug,Finland,0.2
2014-Sep,Finland,0.6
2014-Oct,Finland,-0.2
2014-Nov,Finland,-0.1
2014-Dec,Finland,-0.1
2005-Jan,Sweden,-0.5
2005-Feb,Sweden,0.4
2005-Mar,Sweden,0.3
2005-Apr,Sweden,0.2
2005-May,Sweden,0.1
2005-Jun,Sweden,0.1
2005-Jul,Sweden,-0.3
2005-Aug,Sweden,0.3
2005-Sep,Sweden,0.8
2005-Oct,Sweden,0.3
2005-Nov,Sweden,-0.3
2005-Dec,Sweden,0.1
2006-Jan,Sweden,-0.7
2006-Feb,Sweden,0.4
2006-Mar,Sweden,0.7
2006-Apr,Sweden,0.5
2006-May,Sweden,0.2
2006-Jun,Sweden,0
2006-Jul,Sweden,-0.3
2006-Aug,Sweden,0
2006-Sep,Sweden,0.5
2006-Oct,Sweden,0.2
2006-Nov,Sweden,0
2006-Dec,Sweden,0
2007-Jan,Sweden,-0.5
2007-Feb,Sweden,0.5
2007-Mar,Sweden,0.6
2007-Apr,Sweden,0.5
2007-May,Sweden,-0.1
2007-Jun,Sweden,0.1
2007-Jul,Sweden,-0.3
2007-Aug,Sweden,-0.1
2007-Sep,Sweden,0.8
2007-Oct,Sweden,0.5
2007-Nov,Sweden,0.5
2007-Dec,Sweden,0.1
2008-Jan,Sweden,0
2008-Feb,Sweden,0.4
2008-Mar,Sweden,0.9
2008-Apr,Sweden,0.4
2008-May,Sweden,0.4
2008-Jun,Sweden,0.4
2008-Jul,Sweden,-0.5
2008-Aug,Sweden,0.1
2008-Sep,Sweden,1
2008-Oct,Sweden,-0.2
2008-Nov,Sweden,-0.5
2008-Dec,Sweden,-0.2
2009-Jan,Sweden,-0.1
2009-Feb,Sweden,0.6
2009-Mar,Sweden,0.5
2009-Apr,Sweden,0.3
2009-May,Sweden,0.3
2009-Jun,Sweden,0.2
2009-Jul,Sweden,-0.2
2009-Aug,Sweden,0.2
2009-Sep,Sweden,0.4
2009-Oct,Sweden,0.3
2009-Nov,Sweden,0
2009-Dec,Sweden,0.2
2010-Jan,Sweden,-0.2
2010-Feb,Sweden,0.6
2010-Mar,Sweden,0.3
2010-Apr,Sweden,-0.1
2010-May,Sweden,0.1
2010-Jun,Sweden,-0.1
2010-Jul,Sweden,-0.4
2010-Aug,Sweden,-0.1
2010-Sep,Sweden,0.8
2010-Oct,Sweden,0.3
2010-Nov,Sweden,0.2
2010-Dec,Sweden,0.6
2011-Jan,Sweden,-0.9
2011-Feb,Sweden,0.5
2011-Mar,Sweden,0.4
2011-Apr,Sweden,0.3
2011-May,Sweden,0
2011-Jun,Sweden,-0.3
2011-Jul,Sweden,-0.3
2011-Aug,Sweden,-0.1
2011-Sep,Sweden,0.7
2011-Oct,Sweden,-0.1
2011-Nov,Sweden,0.2
2011-Dec,Sweden,0
2012-Jan,Sweden,-0.6
2012-Feb,Sweden,0.7
2012-Mar,Sweden,0.5
2012-Apr,Sweden,0.3
2012-May,Sweden,0
2012-Jun,Sweden,-0.3
2012-Jul,Sweden,-0.5
2012-Aug,Sweden,0.1
2012-Sep,Sweden,0.7
2012-Oct,Sweden,0.1
2012-Nov,Sweden,-0.2
2012-Dec,Sweden,0.2
2013-Jan,Sweden,-1
2013-Feb,Sweden,0.6
2013-Mar,Sweden,0.5
2013-Apr,Sweden,-0.2
2013-May,Sweden,0.2
2013-Jun,Sweden,-0.1
2013-Jul,Sweden,-0.1
2013-Aug,Sweden,0.1
2013-Sep,Sweden,0.4
2013-Oct,Sweden,-0.2
2013-Nov,Sweden,-0.1
2013-Dec,Sweden,0.3
2014-Jan,Sweden,-1.2
2014-Feb,Sweden,0.5
2014-Mar,Sweden,0
2014-Apr,Sweden,0.4
2014-May,Sweden,0.1
2014-Jun,Sweden,0.2
2014-Jul,Sweden,-0.3
2014-Aug,Sweden,0
2014-Sep,Sweden,0.2
2014-Oct,Sweden,0.1
2014-Nov,Sweden,-0.1
2014-Dec,Sweden,0.3
2005-Jan,United Kingdom,-0.5
2005-Feb,United Kingdom,0.3
2005-Mar,United Kingdom,0.4
2005-Apr,United Kingdom,0.4
2005-May,United Kingdom,0.3
2005-Jun,United Kingdom,0
2005-Jul,United Kingdom,0.1
2005-Aug,United Kingdom,0.3
2005-Sep,United Kingdom,0.1
2005-Oct,United Kingdom,0.2
2005-Nov,United Kingdom,0
2005-Dec,United Kingdom,0.3
2006-Jan,United Kingdom,-0.5
2006-Feb,United Kingdom,0.3
2006-Mar,United Kingdom,0.2
2006-Apr,United Kingdom,0.6
2006-May,United Kingdom,0.5
2006-Jun,United Kingdom,0.3
2006-Jul,United Kingdom,-0.1
2006-Aug,United Kingdom,0.4
2006-Sep,United Kingdom,0.1
2006-Oct,United Kingdom,0.2
2006-Nov,United Kingdom,0.3
2006-Dec,United Kingdom,0.6
2007-Jan,United Kingdom,-0.8
2007-Feb,United Kingdom,0.4
2007-Mar,United Kingdom,0.5
2007-Apr,United Kingdom,0.3
2007-May,United Kingdom,0.3
2007-Jun,United Kingdom,0.2
2007-Jul,United Kingdom,-0.6
2007-Aug,United Kingdom,0.4
2007-Sep,United Kingdom,0.1
2007-Oct,United Kingdom,0.5
2007-Nov,United Kingdom,0.3
2007-Dec,United Kingdom,0.6
2008-Jan,United Kingdom,-0.7
2008-Feb,United Kingdom,0.7
2008-Mar,United Kingdom,0.4
2008-Apr,United Kingdom,0.8
2008-May,United Kingdom,0.6
2008-Jun,United Kingdom,0.7
2008-Jul,United Kingdom,0
2008-Aug,United Kingdom,0.6
2008-Sep,United Kingdom,0.5
2008-Oct,United Kingdom,-0.2
2008-Nov,United Kingdom,-0.1
2008-Dec,United Kingdom,-0.4
2009-Jan,United Kingdom,-0.7
2009-Feb,United Kingdom,0.9
2009-Mar,United Kingdom,0.2
2009-Apr,United Kingdom,0.2
2009-May,United Kingdom,0.6
2009-Jun,United Kingdom,0.3
2009-Jul,United Kingdom,0
2009-Aug,United Kingdom,0.4
2009-Sep,United Kingdom,0
2009-Oct,United Kingdom,0.2
2009-Nov,United Kingdom,0.3
2009-Dec,United Kingdom,0.6
2010-Jan,United Kingdom,-0.2
2010-Feb,United Kingdom,0.4
2010-Mar,United Kingdom,0.6
2010-Apr,United Kingdom,0.6
2010-May,United Kingdom,0.2
2010-Jun,United Kingdom,0.1
2010-Jul,United Kingdom,-0.2
2010-Aug,United Kingdom,0.5
2010-Sep,United Kingdom,0
2010-Oct,United Kingdom,0.3
2010-Nov,United Kingdom,0.4
2010-Dec,United Kingdom,1
2011-Jan,United Kingdom,0.1
2011-Feb,United Kingdom,0.7
2011-Mar,United Kingdom,0.3
2011-Apr,United Kingdom,1
2011-May,United Kingdom,0.2
2011-Jun,United Kingdom,-0.1
2011-Jul,United Kingdom,0
2011-Aug,United Kingdom,0.6
2011-Sep,United Kingdom,0.6
2011-Oct,United Kingdom,0.1
2011-Nov,United Kingdom,0.2
2011-Dec,United Kingdom,0.4
2012-Jan,United Kingdom,-0.5
2012-Feb,United Kingdom,0.6
2012-Mar,United Kingdom,0.3
2012-Apr,United Kingdom,0.6
2012-May,United Kingdom,-0.1
2012-Jun,United Kingdom,-0.4
2012-Jul,United Kingdom,0.1
2012-Aug,United Kingdom,0.5
2012-Sep,United Kingdom,0.4
2012-Oct,United Kingdom,0.5
2012-Nov,United Kingdom,0.2
2012-Dec,United Kingdom,0.5
2013-Jan,United Kingdom,-0.5
2013-Feb,United Kingdom,0.7
2013-Mar,United Kingdom,0.3
2013-Apr,United Kingdom,0.2
2013-May,United Kingdom,0.2
2013-Jun,United Kingdom,-0.2
2013-Jul,United Kingdom,0
2013-Aug,United Kingdom,0.4
2013-Sep,United Kingdom,0.4
2013-Oct,United Kingdom,0.1
2013-Nov,United Kingdom,0.1
2013-Dec,United Kingdom,0.4
2014-Jan,United Kingdom,-0.6
2014-Feb,United Kingdom,0.5
2014-Mar,United Kingdom,0.2
2014-Apr,United Kingdom,0.4
2014-May,United Kingdom,-0.1
2014-Jun,United Kingdom,0.2
2014-Jul,United Kingdom,-0.3
2014-Aug,United Kingdom,0.4
2014-Sep,United Kingdom,0
2014-Oct,United Kingdom,0.1
2014-Nov,United Kingdom,-0.3
2014-Dec,United Kingdom,0
2005-Jan,Iceland,-0.4
2005-Feb,Iceland,-0.2
2005-Mar,Iceland,0.4
2005-Apr,Iceland,-0.5
2005-May,Iceland,-0.3
2005-Jun,Iceland,0.4
2005-Jul,Iceland,-0.2
2005-Aug,Iceland,-0.2
2005-Sep,Iceland,1.6
2005-Oct,Iceland,0.5
2005-Nov,Iceland,-0.4
2005-Dec,Iceland,0.2
2006-Jan,Iceland,-0.1
2006-Feb,Iceland,-0.2
2006-Mar,Iceland,1.1
2006-Apr,Iceland,0.8
2006-May,Iceland,1.2
2006-Jun,Iceland,1.3
2006-Jul,Iceland,0.4
2006-Aug,Iceland,0.4
2006-Sep,Iceland,0.7
2006-Oct,Iceland,0.2
2006-Nov,Iceland,-0.1
2006-Dec,Iceland,0
2007-Jan,Iceland,0.3
2007-Feb,Iceland,0.1
2007-Mar,Iceland,-0.7
2007-Apr,Iceland,0.3
2007-May,Iceland,1
2007-Jun,Iceland,0.4
2007-Jul,Iceland,0
2007-Aug,Iceland,-0.3
2007-Sep,Iceland,1.1
2007-Oct,Iceland,0.4
2007-Nov,Iceland,0.4
2007-Dec,Iceland,0.7
2008-Jan,Iceland,-0.1
2008-Feb,Iceland,1.5
2008-Mar,Iceland,1.5
2008-Apr,Iceland,3.9
2008-May,Iceland,1.9
2008-Jun,Iceland,1.1
2008-Jul,Iceland,0.9
2008-Aug,Iceland,1.1
2008-Sep,Iceland,1.2
2008-Oct,Iceland,2.5
2008-Nov,Iceland,2
2008-Dec,Iceland,1.7
2009-Jan,Iceland,0.6
2009-Feb,Iceland,1.2
2009-Mar,Iceland,0.2
2009-Apr,Iceland,0.7
2009-May,Iceland,1.4
2009-Jun,Iceland,1.9
2009-Jul,Iceland,0.7
2009-Aug,Iceland,0.7
2009-Sep,Iceland,0.5
2009-Oct,Iceland,1.2
2009-Nov,Iceland,0.7
2009-Dec,Iceland,0.8
2010-Jan,Iceland,0
2010-Feb,Iceland,1.3
2010-Mar,Iceland,1
2010-Apr,Iceland,0.3
2010-May,Iceland,0.4
2010-Jun,Iceland,-0.2
2010-Jul,Iceland,-0.6
2010-Aug,Iceland,0.4
2010-Sep,Iceland,-0.2
2010-Oct,Iceland,0.7
2010-Nov,Iceland,0
2010-Dec,Iceland,0.4
2011-Jan,Iceland,-1.2
2011-Feb,Iceland,1.4
2011-Mar,Iceland,0.9
2011-Apr,Iceland,1.1
2011-May,Iceland,1.6
2011-Jun,Iceland,0.3
2011-Jul,Iceland,-0.2
2011-Aug,Iceland,0.1
2011-Sep,Iceland,0.5
2011-Oct,Iceland,0.3
2011-Nov,Iceland,-0.2
2011-Dec,Iceland,0.6
2012-Jan,Iceland,-0.3
2012-Feb,Iceland,1.9
2012-Mar,Iceland,1.9
2012-Apr,Iceland,0.5
2012-May,Iceland,0.5
2012-Jun,Iceland,1.1
2012-Jul,Iceland,-1.6
2012-Aug,Iceland,-0.7
2012-Sep,Iceland,1.2
2012-Oct,Iceland,0.2
2012-Nov,Iceland,0.6
2012-Dec,Iceland,-0.2
2013-Jan,Iceland,0.6
2013-Feb,Iceland,1.9
2013-Mar,Iceland,0.3
2013-Apr,Iceland,0
2013-May,Iceland,-0.1
2013-Jun,Iceland,0.9
2013-Jul,Iceland,-0.6
2013-Aug,Iceland,-0.2
2013-Sep,Iceland,0.3
2013-Oct,Iceland,-0.4
2013-Nov,Iceland,0.4
2013-Dec,Iceland,0.5
2014-Jan,Iceland,-1.5
2014-Feb,Iceland,1.2
2014-Mar,Iceland,0.4
2014-Apr,Iceland,0.4
2014-May,Iceland,-0.3
2014-Jun,Iceland,1.1
2014-Jul,Iceland,0.3
2014-Aug,Iceland,-0.2
2014-Sep,Iceland,-1.6
2014-Oct,Iceland,0.2
2014-Nov,Iceland,-1.1
2014-Dec,Iceland,0.6
2005-Jan,Norway,-0.1
2005-Feb,Norway,0
2005-Mar,Norway,0.5
2005-Apr,Norway,0.5
2005-May,Norway,0.4
2005-Jun,Norway,0.2
2005-Jul,Norway,-0.4
2005-Aug,Norway,0.2
2005-Sep,Norway,0.7
2005-Oct,Norway,0
2005-Nov,Norway,0
2005-Dec,Norway,0
2006-Jan,Norway,-0.3
2006-Feb,Norway,0.9
2006-Mar,Norway,0.2
2006-Apr,Norway,0.9
2006-May,Norway,0.1
2006-Jun,Norway,-0.2
2006-Jul,Norway,-0.2
2006-Aug,Norway,0
2006-Sep,Norway,1.6
2006-Oct,Norway,0
2006-Nov,Norway,-0.2
2006-Dec,Norway,-0.6
2007-Jan,Norway,-1.3
2007-Feb,Norway,0.5
2007-Mar,Norway,0.7
2007-Apr,Norway,0.1
2007-May,Norway,0.2
2007-Jun,Norway,-0.1
2007-Jul,Norway,-0.2
2007-Aug,Norway,-0.1
2007-Sep,Norway,0.7
2007-Oct,Norway,0
2007-Nov,Norway,1.1
2007-Dec,Norway,0.4
2008-Jan,Norway,-0.4
2008-Feb,Norway,0.8
2008-Mar,Norway,0.4
2008-Apr,Norway,0
2008-May,Norway,0.3
2008-Jun,Norway,0.1
2008-Jul,Norway,0.7
2008-Aug,Norway,0.1
2008-Sep,Norway,1.4
2008-Oct,Norway,0.3
2008-Nov,Norway,-0.7
2008-Dec,Norway,-0.3
2009-Jan,Norway,-0.4
2009-Feb,Norway,1
2009-Mar,Norway,0.1
2009-Apr,Norway,0.4
2009-May,Norway,0.3
2009-Jun,Norway,0.6
2009-Jul,Norway,-0.6
2009-Aug,Norway,-0.3
2009-Sep,Norway,1
2009-Oct,Norway,-0.3
2009-Nov,Norway,0.4
2009-Dec,Norway,0.2
2010-Jan,Norway,-0.1
2010-Feb,Norway,1.5
2010-Mar,Norway,0.5
2010-Apr,Norway,0.2
2010-May,Norway,-0.5
2010-Jun,Norway,-0.1
2010-Jul,Norway,-0.6
2010-Aug,Norway,-0.4
2010-Sep,Norway,0.7
2010-Oct,Norway,0.1
2010-Nov,Norway,0.2
2010-Dec,Norway,1.3
2011-Jan,Norway,-0.8
2011-Feb,Norway,0.5
2011-Mar,Norway,0.4
2011-Apr,Norway,0.6
2011-May,Norway,-0.3
2011-Jun,Norway,-0.4
2011-Jul,Norway,-0.4
2011-Aug,Norway,-0.7
2011-Sep,Norway,1.1
2011-Oct,Norway,-0.2
2011-Nov,Norway,0
2011-Dec,Norway,0.1
2012-Jan,Norway,-0.4
2012-Feb,Norway,1.2
2012-Mar,Norway,-0.1
2012-Apr,Norway,0
2012-May,Norway,0
2012-Jun,Norway,-0.6
2012-Jul,Norway,-0.5
2012-Aug,Norway,-0.5
2012-Sep,Norway,1.2
2012-Oct,Norway,0.5
2012-Nov,Norway,0.1
2012-Dec,Norway,0.4
2013-Jan,Norway,-0.4
2013-Feb,Norway,0.7
2013-Mar,Norway,0.4
2013-Apr,Norway,0.7
2013-May,Norway,-0.1
2013-Jun,Norway,-0.5
2013-Jul,Norway,0.4
2013-Aug,Norway,-0.1
2013-Sep,Norway,0.5
2013-Oct,Norway,0.2
2013-Nov,Norway,0.1
2013-Dec,Norway,-0.1
2014-Jan,Norway,-0.2
2014-Feb,Norway,0.5
2014-Mar,Norway,0.3
2014-Apr,Norway,0.3
2014-May,Norway,0.1
2014-Jun,Norway,-0.3
2014-Jul,Norway,0.9
2014-Aug,Norway,-0.4
2014-Sep,Norway,0.7
2014-Oct,Norway,0
2014-Nov,Norway,0.2
2014-Dec,Norway,-0.1
2005-Jan,Switzerland,-0.4
2005-Feb,Switzerland,0.3
2005-Mar,Switzerland,0.2
2005-Apr,Switzerland,0.8
2005-May,Switzerland,-0.1
2005-Jun,Switzerland,-0.2
2005-Jul,Switzerland,-0.6
2005-Aug,Switzerland,0.2
2005-Sep,Switzerland,0.4
2005-Oct,Switzerland,0.9
2005-Nov,Switzerland,-0.4
2005-Dec,Switzerland,-0.1
2006-Jan,Switzerland,0
2006-Feb,Switzerland,0.1
2006-Mar,Switzerland,0
2006-Apr,Switzerland,0.8
2006-May,Switzerland,0.1
2006-Jun,Switzerland,0
2006-Jul,Switzerland,-0.7
2006-Aug,Switzerland,0.2
2006-Sep,Switzerland,-0.2
2006-Oct,Switzerland,0.3
2006-Nov,Switzerland,-0.1
2006-Dec,Switzerland,0
2007-Jan,Switzerland,-0.5
2007-Feb,Switzerland,0.2
2007-Mar,Switzerland,0.1
2007-Apr,Switzerland,1.1
2007-May,Switzerland,0.2
2007-Jun,Switzerland,0.1
2007-Jul,Switzerland,-0.6
2007-Aug,Switzerland,-0.1
2007-Sep,Switzerland,0.1
2007-Oct,Switzerland,0.8
2007-Nov,Switzerland,0.4
2007-Dec,Switzerland,0.3
2008-Jan,Switzerland,-0.1
2008-Feb,Switzerland,0
2008-Mar,Switzerland,0.3
2008-Apr,Switzerland,0.9
2008-May,Switzerland,0.6
2008-Jun,Switzerland,0.3
2008-Jul,Switzerland,-0.2
2008-Aug,Switzerland,-0.3
2008-Sep,Switzerland,-0.2
2008-Oct,Switzerland,0.7
2008-Nov,Switzerland,-1
2008-Dec,Switzerland,-0.6
2009-Jan,Switzerland,-0.5
2009-Feb,Switzerland,0
2009-Mar,Switzerland,-0.3
2009-Apr,Switzerland,1
2009-May,Switzerland,0
2009-Jun,Switzerland,0.2
2009-Jul,Switzerland,-0.4
2009-Aug,Switzerland,0.2
2009-Sep,Switzerland,-0.3
2009-Oct,Switzerland,0.7
2009-Nov,Switzerland,-0.1
2009-Dec,Switzerland,-0.3
2010-Jan,Switzerland,0.2
2010-Feb,Switzerland,0
2010-Mar,Switzerland,0.2
2010-Apr,Switzerland,0.9
2010-May,Switzerland,-0.3
2010-Jun,Switzerland,-0.3
2010-Jul,Switzerland,-0.5
2010-Aug,Switzerland,0
2010-Sep,Switzerland,-0.2
2010-Oct,Switzerland,0.6
2010-Nov,Switzerland,-0.1
2010-Dec,Switzerland,-0.1
2011-Jan,Switzerland,-0.2
2011-Feb,Switzerland,0.4
2011-Mar,Switzerland,0.8
2011-Apr,Switzerland,0.1
2011-May,Switzerland,-0.2
2011-Jun,Switzerland,-0.1
2011-Jul,Switzerland,-0.8
2011-Aug,Switzerland,-0.6
2011-Sep,Switzerland,0.5
2011-Oct,Switzerland,-0.1
2011-Nov,Switzerland,-0.5
2011-Dec,Switzerland,0.3
2012-Jan,Switzerland,-0.7
2012-Feb,Switzerland,0.1
2012-Mar,Switzerland,0.9
2012-Apr,Switzerland,0
2012-May,Switzerland,-0.2
2012-Jun,Switzerland,-0.2
2012-Jul,Switzerland,-0.3
2012-Aug,Switzerland,-0.3
2012-Sep,Switzerland,0.7
2012-Oct,Switzerland,0.1
2012-Nov,Switzerland,-0.5
2012-Dec,Switzerland,0.1
2013-Jan,Switzerland,-0.5
2013-Feb,Switzerland,0.3
2013-Mar,Switzerland,0.5
2013-Apr,Switzerland,-0.1
2013-May,Switzerland,0
2013-Jun,Switzerland,0.2
2013-Jul,Switzerland,0
2013-Aug,Switzerland,-0.4
2013-Sep,Switzerland,0.5
2013-Oct,Switzerland,-0.1
2013-Nov,Switzerland,-0.3
2013-Dec,Switzerland,0.2
2014-Jan,Switzerland,-0.6
2014-Feb,Switzerland,-0.1
2014-Mar,Switzerland,0.6
2014-Apr,Switzerland,0.1
2014-May,Switzerland,0.1
2014-Jun,Switzerland,-0.1
2014-Jul,Switzerland,0
2014-Aug,Switzerland,-0.2
2014-Sep,Switzerland,0.4
2014-Oct,Switzerland,0
2014-Nov,Switzerland,-0.3
2014-Dec,Switzerland,0
2005-Jan,Turkey,0.3
2005-Feb,Turkey,0.2
2005-Mar,Turkey,0.4
2005-Apr,Turkey,0.4
2005-May,Turkey,1.2
2005-Jun,Turkey,-0.1
2005-Jul,Turkey,-0.7
2005-Aug,Turkey,0.7
2005-Sep,Turkey,1.2
2005-Oct,Turkey,1.8
2005-Nov,Turkey,1.2
2005-Dec,Turkey,0.3
2006-Jan,Turkey,0.7
2006-Feb,Turkey,0.2
2006-Mar,Turkey,0.3
2006-Apr,Turkey,1.3
2006-May,Turkey,1.9
2006-Jun,Turkey,0.3
2006-Jul,Turkey,0.8
2006-Aug,Turkey,-0.4
2006-Sep,Turkey,1.3
2006-Oct,Turkey,1.3
2006-Nov,Turkey,1.3
2006-Dec,Turkey,0.2
2007-Jan,Turkey,1
2007-Feb,Turkey,0.4
2007-Mar,Turkey,0.9
2007-Apr,Turkey,1.2
2007-May,Turkey,0.5
2007-Jun,Turkey,-0.2
2007-Jul,Turkey,-0.7
2007-Aug,Turkey,0
2007-Sep,Turkey,1
2007-Oct,Turkey,1.8
2007-Nov,Turkey,1.9
2007-Dec,Turkey,0.2
2008-Jan,Turkey,0.8
2008-Feb,Turkey,1.3
2008-Mar,Turkey,1
2008-Apr,Turkey,1.7
2008-May,Turkey,1.5
2008-Jun,Turkey,-0.4
2008-Jul,Turkey,0.6
2008-Aug,Turkey,-0.3
2008-Sep,Turkey,0.5
2008-Oct,Turkey,2.6
2008-Nov,Turkey,0.8
2008-Dec,Turkey,-0.4
2009-Jan,Turkey,0.3
2009-Feb,Turkey,-0.3
2009-Mar,Turkey,1.1
2009-Apr,Turkey,0
2009-May,Turkey,0.6
2009-Jun,Turkey,0.1
2009-Jul,Turkey,0.2
2009-Aug,Turkey,-0.3
2009-Sep,Turkey,0.4
2009-Oct,Turkey,2.4
2009-Nov,Turkey,1.3
2009-Dec,Turkey,0.5
2010-Jan,Turkey,1.8
2010-Feb,Turkey,1.4
2010-Mar,Turkey,0.6
2010-Apr,Turkey,0.6
2010-May,Turkey,-0.4
2010-Jun,Turkey,-0.6
2010-Jul,Turkey,-0.5
2010-Aug,Turkey,0.4
2010-Sep,Turkey,1.2
2010-Oct,Turkey,1.8
2010-Nov,Turkey,0
2010-Dec,Turkey,-0.3
2011-Jan,Turkey,0.4
2011-Feb,Turkey,0.7
2011-Mar,Turkey,0.4
2011-Apr,Turkey,0.9
2011-May,Turkey,2.4
2011-Jun,Turkey,-1.4
2011-Jul,Turkey,-0.4
2011-Aug,Turkey,0.7
2011-Sep,Turkey,0.7
2011-Oct,Turkey,3.3
2011-Nov,Turkey,1.7
2011-Dec,Turkey,0.6
2012-Jan,Turkey,0.6
2012-Feb,Turkey,0.6
2012-Mar,Turkey,0.4
2012-Apr,Turkey,1.6
2012-May,Turkey,-0.2
2012-Jun,Turkey,-0.9
2012-Jul,Turkey,-0.2
2012-Aug,Turkey,0.5
2012-Sep,Turkey,0.9
2012-Oct,Turkey,2.1
2012-Nov,Turkey,0.3
2012-Dec,Turkey,0.4
2013-Jan,Turkey,1.8
2013-Feb,Turkey,0.4
2013-Mar,Turkey,0.7
2013-Apr,Turkey,0.2
2013-May,Turkey,0.1
2013-Jun,Turkey,0.7
2013-Jul,Turkey,0.3
2013-Aug,Turkey,0
2013-Sep,Turkey,0.8
2013-Oct,Turkey,1.9
2013-Nov,Turkey,-0.1
2013-Dec,Turkey,0.5
2014-Jan,Turkey,2.2
2014-Feb,Turkey,0.5
2014-Mar,Turkey,1.2
2014-Apr,Turkey,1
2014-May,Turkey,0.2
2014-Jun,Turkey,0.5
2014-Jul,Turkey,0.5
2014-Aug,Turkey,0.3
2014-Sep,Turkey,0
2014-Oct,Turkey,1.9
2014-Nov,Turkey,0.1
2014-Dec,Turkey,-0.4